Entry No,Publication,First Author,Included? If not why?,Corona Monomer,Corona CLogP,Corona DP,Core Monomer,Core CLogP,Core DP,Concentration (wt%),pH,[salt]/ M,End group charged?,Charged end group type,Temperature,Initiator,Thalf,Dispersity,Morphology,Pure sphere?,Pure worm?,Pure vesicle?,other pure phase,cophases,Corona 1,Corona 1 CLogP,Corona 1 %,Corona 2,Corona 2 CLogP,Corona 2 %,Core 1,Core 1 CLogP,Core 1 %,Core 2,Core 2 CLogP,Core 2 %
1,DOI:10.1021/acs.biomac.6b00540 ,Ratcliffe 2016,Yes,GMA,0.09,56,Mixed,1.1,181,10,7,0,No,,70,ACVA,69,1.32,W,0,1,0,0,0,,,,,,,HPMA,1.1,0.995,"3-methylidene-1,9-dioxa-5,12,13-trithiacyclopentadecane-2,8dione ",1.99,0.005
2,DOI:10.1021/acs.biomac.6b00540 ,Ratcliffe 2016,Yes,GMA,0.09,56,Mixed,1.1,121,10,7,0,No,,70,ACVA,69,1.32 approx,S,1,0,0,0,0,,,,,,,HPMA,1.1,0.995,"3-methylidene-1,9-dioxa-5,12,13-trithiacyclopentadecane-2,8dione ",1.99,0.005
3,DOI:10.1021/acs.biomac.6b00540,Ratcliffe 2016,Yes,GMA,0.09,56,Mixed,1.1,161,10,7,0,No,,70,ACVA,69,1.32 approx,S+W,1,1,0,0,1,,,,,,,HPMA,1.1,0.995,"3-methylidene-1,9-dioxa-5,12,13-trithiacyclopentadecane-2,8dione ",1.99,0.005
4,DOI:10.1021/acs.biomac.6b00540,Ratcliffe 2016,Yes,GMA,0.09,56,Mixed,1.1,201,10,7,0,No,,70,ACVA,69,1.32 approx,W,0,1,0,0,0,,,,,,,HPMA,1.1,0.995,"3-methylidene-1,9-dioxa-5,12,13-trithiacyclopentadecane-2,8dione ",1.99,0.005
5,DOI:10.1021/acs.biomac.6b00540,Ratcliffe 2016,Yes,GMA,0.09,56,Mixed,1.1,261,10,7,0,No,,70,ACVA,69,1.32 approx,W+V,0,1,1,0,1,,,,,,,HPMA,1.1,0.995,"3-methylidene-1,9-dioxa-5,12,13-trithiacyclopentadecane-2,8dione ",1.99,0.005
6,DOI:10.1021/acs.biomac.6b00540,Ratcliffe 2016,Yes,GMA,0.09,56,Mixed,1.1,302,10,7,0,No,,70,ACVA,69,1.32 approx,V,0,0,1,0,0,,,,,,,HPMA,1.1,0.995,"3-methylidene-1,9-dioxa-5,12,13-trithiacyclopentadecane-2,8dione ",1.99,0.005
7,DOI:10.1021/acs.biomac.6b00540,Ratcliffe 2016,Yes,GMA,0.09,56,Mixed,1.11,181,10,7,0,No,,70,ACVA,69,1.44,S,1,0,0,0,0,,,,,,,HPMA,1.1,0.99,"3-methylidene-1,9-dioxa-5,12,13-trithiacyclopentadecane-2,8dione ",1.99,0.01
8,DOI:10.1021/acs.biomac.6b00540,Ratcliffe 2016,Yes,GMA,0.09,56,Mixed,1.11,222,10,7,0,No,,70,ACVA,69,1.44 approx,S+W,1,1,0,0,1,,,,,,,HPMA,1.1,0.99,"3-methylidene-1,9-dioxa-5,12,13-trithiacyclopentadecane-2,8dione ",1.99,0.01
9,DOI:10.1021/acs.biomac.6b00540,Ratcliffe 2016,Yes,GMA,0.09,56,Mixed,1.11,273,10,7,0,No,,70,ACVA,69,1.44 approx,S+W+V,1,1,1,0,1,,,,,,,HPMA,1.1,0.99,"3-methylidene-1,9-dioxa-5,12,13-trithiacyclopentadecane-2,8dione ",1.99,0.01
10,DOI:10.1021/acs.biomac.6b00540,Ratcliffe 2016,Yes,GMA,0.09,56,Mixed,1.1,171,10,7,0,No,,70,ACVA,69,1.36,W,0,1,0,0,0,,,,,,,HPMA,1.1,0.995,"3-methylidene-1,9-dioxa-5,12,13-trithiacyclopentadecane-2,8dione ",1.99,0.005
11,DOI:10.1021/acs.langmuir.8b03727 ,Hunter 2019,Yes,GMA,0.09,48,Mixed,1.11,105,15,7,0,No,,50,VA-044,44,1.13,W,0,1,0,0,0,,,,,,,HPMA,1.1,0.857,GlyMA,1.2,0.143
12,DOI:10.1021/acs.macromol.6b00422 ,Lovett 2016_A,Yes,GMA,0.09,56,Mixed,1.11,144,15,7,0,No,,50,VA-044,44,1.13,W,0,1,0,0,0,,,,,,,HPMA,1.1,0.95,GlyMA,1.2,0.05
13,DOI:10.1021/acs.macromol.6b00422 ,Lovett 2016_A,Yes,GMA,0.09,56,Mixed,1.11,144,15,7,0,No,,50,VA-044,44,1.14,W,0,1,0,0,0,,,,,,,HPMA,1.1,0.9,GlyMA,1.2,0.1
14,DOI:10.1021/acs.macromol.6b00422 ,Lovett 2016_A,Yes,GMA,0.09,56,Mixed,1.12,144,15,7,0,No,,50,VA-044,44,1.14,W,0,1,0,0,0,,,,,,,HPMA,1.1,0.85,GlyMA,1.2,0.15
15,DOI:10.1021/acs.macromol.6b00422 ,Lovett 2016_A,Yes,GMA,0.09,56,Mixed,1.12,144,15,7,0,No,,50,VA-044,44,1.15,W,0,1,0,0,0,,,,,,,HPMA,1.1,0.8,GlyMA,1.2,0.2
16,DOI: 10.1039/c1sm06593a,Sugihara 2011_A,Yes,MPC,-5.27,53,Mixed,1.11,402,10,7,0,Yes,Carb. Acid,70,V-501,69,Cross-linked,S,1,0,0,0,0,,,,,,,HPMA,1.1,0.995,EGDMA,2.23,0.005
17,DOI: 10.1039/c1sm06593a,Sugihara 2011_A,Yes,MPC,-5.27,53,Mixed,1.11,404,10,7,0,Yes,Carb. Acid,70,V-501,69,Cross-linked,Lumpy rods,0,0,0,1,0,,,,,,,HPMA,1.1,0.99,EGDMA,2.23,0.01
18,DOI: 10.1039/c1sm06593a,Sugihara 2011_A,Yes,MPC,-5.27,53,Mixed,1.11,405,10,7,0,Yes,Carb. Acid,70,V-501,69,Cross-linked,Lumpy rods,0,0,0,1,0,,,,,,,HPMA,1.1,0.9875,EGDMA,2.23,0.0125
19,DOI: 10.1039/c1sm06593a,Sugihara 2011_A,Yes,MPC,-5.27,53,Mixed,0.14,406,10,7,0,Yes,Carb. Acid,70,V-501,69,Cross-linked,Lumpy rods,0,0,0,1,0,,,,,,,HPMA,1.1,0.0985,EGDMA,2.23,0.015
20,DOI: 10.1039/c1sm06593a,Sugihara 2011_A,Yes,MPC,-5.27,53,Mixed,1.11,402,5,7,0,Yes,Carb. Acid,70,V-501,69,Cross-linked,S,1,0,0,0,0,,,,,,,HPMA,1.1,0.995,EGDMA,2.23,0.005
21,DOI: 10.1039/c1sm06593a,Sugihara 2011_A,Yes,MPC,-5.27,53,Mixed,1.11,405,5,7,0,Yes,Carb. Acid,70,V-501,69,Cross-linked,Dumbells,0,0,0,1,0,,,,,,,HPMA,1.1,0.9875,EGDMA,2.23,0.0125
22,DOI: 10.1039/c1sm06593a,Sugihara 2011_A,Yes,MPC,-5.27,53,Mixed,0.14,406,5,7,0,Yes,Carb. Acid,70,V-501,69,Cross-linked,Lumpy rods,0,0,0,1,0,,,,,,,HPMA,1.1,0.0985,EGDMA,2.23,0.015
23,DOI: 10.1039/c4py00203b,Ratcliffe 2014,Yes,GMA,0.09,60,Mixed,1.12,100,10,7,0,Yes,Carb. Acid,70,ACVA,69,1.15,S,1,0,0,0,0,,,,,,,HBMA,1.6,0.5,HEMA,0.64,0.5
24,DOI: 10.1039/c4py00203b,Ratcliffe 2014,Yes,GMA,0.09,60,Mixed,1.12,150,10,7,0,Yes,Carb. Acid,70,ACVA,69,1.19,S+W,1,1,0,0,1,,,,,,,HBMA,1.6,0.5,HEMA,0.64,0.5
25,DOI: 10.1039/c4py00203b,Ratcliffe 2014,Yes,GMA,0.09,60,Mixed,1.12,200,10,7,0,Yes,Carb. Acid,70,ACVA,69,1.22,S+W,1,1,0,0,1,,,,,,,HBMA,1.6,0.5,HEMA,0.64,0.5
26,DOI: 10.1039/c4py00203b,Ratcliffe 2014,Yes,GMA,0.09,60,Mixed,1.12,250,10,7,0,Yes,Carb. Acid,70,ACVA,69,1.36,V,0,0,1,0,0,,,,,,,HBMA,1.6,0.5,HEMA,0.64,0.5
27,DOI: 10.1039/c4py00203b,Ratcliffe 2014,Yes,GMA,0.09,60,Mixed,1.12,300,10,7,0,Yes,Carb. Acid,70,ACVA,69,1.49,V,0,0,1,0,0,,,,,,,HBMA,1.6,0.5,HEMA,0.64,0.5
28,DOI: 10.1039/c4py00203b,Ratcliffe 2014,Yes,GMA,0.09,60,Mixed,1.12,190,12.5,7,0,Yes,Carb. Acid,70,ACVA,69,1.33,S+W,1,1,0,0,1,,,,,,,HBMA,1.6,0.5,HEMA,0.64,0.5
29,DOI: 10.1039/c4py00203b,Ratcliffe 2014,Yes,GMA,0.09,60,Mixed,1.12,190,13.5,7,0,Yes,Carb. Acid,70,ACVA,69,1.29,S+W,1,1,0,0,1,,,,,,,HBMA,1.6,0.5,HEMA,0.64,0.5
30,DOI: 10.1039/c4py00203b,Ratcliffe 2014,Yes,GMA,0.09,60,Mixed,1.12,170,17.5,7,0,Yes,Carb. Acid,70,ACVA,69,1.31,W,0,1,0,0,0,,,,,,,HBMA,1.6,0.5,HEMA,0.64,0.5
31,DOI: 10.1039/c4py00203b,Ratcliffe 2014,Yes,GMA,0.09,60,Mixed,1.12,80,15,7,0,Yes,Carb. Acid,70,ACVA,69,1.13,S,1,0,0,0,0,,,,,,,HBMA,1.6,0.5,HEMA,0.64,0.5
32,DOI: 10.1039/c4py00203b,Ratcliffe 2014,Yes,GMA,0.09,60,Mixed,1.12,100,15,7,0,Yes,Carb. Acid,70,ACVA,69,1.14,S+W,1,1,0,0,1,,,,,,,HBMA,1.6,0.5,HEMA,0.64,0.5
33,DOI: 10.1039/c4py00203b,Ratcliffe 2014,Yes,GMA,0.09,60,Mixed,1.12,130,15,7,0,Yes,Carb. Acid,70,ACVA,69,1.18,S+W,1,1,0,0,1,,,,,,,HBMA,1.6,0.5,HEMA,0.64,0.5
34,DOI: 10.1039/c4py00203b,Ratcliffe 2014,Yes,GMA,0.09,60,Mixed,1.12,150,15,7,0,Yes,Carb. Acid,70,ACVA,69,1.18,W,0,1,0,0,0,,,,,,,HBMA,1.6,0.5,HEMA,0.64,0.5
35,DOI: 10.1039/c4py00203b,Ratcliffe 2014,Yes,GMA,0.09,60,Mixed,1.12,180,15,7,0,Yes,Carb. Acid,70,ACVA,69,1.28,W,0,1,0,0,0,,,,,,,HBMA,1.6,0.5,HEMA,0.64,0.5
36,DOI: 10.1039/c4py00203b,Ratcliffe 2014,Yes,GMA,0.09,60,Mixed,1.12,200,15,7,0,Yes,Carb. Acid,70,ACVA,69,1.27,W+V,0,1,1,0,1,,,,,,,HBMA,1.6,0.5,HEMA,0.64,0.5
37,DOI: 10.1039/c4py00203b,Ratcliffe 2014,Yes,GMA,0.09,60,Mixed,1.12,220,15,7,0,Yes,Carb. Acid,70,ACVA,69,1.39,W+V,0,1,1,0,1,,,,,,,HBMA,1.6,0.5,HEMA,0.64,0.5
38,DOI: 10.1039/c4py00203b,Ratcliffe 2014,Yes,GMA,0.09,60,Mixed,1.12,250,15,7,0,Yes,Carb. Acid,70,ACVA,69,1.38,V,0,0,1,0,0,,,,,,,HBMA,1.6,0.5,HEMA,0.64,0.5
39,DOI: 10.1039/c4py00203b,Ratcliffe 2014,Yes,GMA,0.09,60,Mixed,1.12,300,15,7,0,Yes,Carb. Acid,70,ACVA,69,1.46,V,0,0,1,0,0,,,,,,,HBMA,1.6,0.5,HEMA,0.64,0.5
40,DOI: 10.1039/c4py00203b,Ratcliffe 2014,Yes,GMA,0.09,60,Mixed,1.12,80,20,7,0,Yes,Carb. Acid,70,ACVA,69,1.13,S,1,0,0,0,0,,,,,,,HBMA,1.6,0.5,HEMA,0.64,0.5
41,DOI: 10.1039/c4py00203b,Ratcliffe 2014,Yes,GMA,0.09,60,Mixed,1.12,100,20,7,0,Yes,Carb. Acid,70,ACVA,69,1.15,S+W,1,1,0,0,1,,,,,,,HBMA,1.6,0.5,HEMA,0.64,0.5
42,DOI: 10.1039/c4py00203b,Ratcliffe 2014,Yes,GMA,0.09,60,Mixed,1.12,120,20,7,0,Yes,Carb. Acid,70,ACVA,69,1.16,W,0,1,0,0,0,,,,,,,HBMA,1.6,0.5,HEMA,0.64,0.5
43,DOI: 10.1039/c4py00203b,Ratcliffe 2014,Yes,GMA,0.09,60,Mixed,1.12,140,20,7,0,Yes,Carb. Acid,70,ACVA,69,1.19,W,0,1,0,0,0,,,,,,,HBMA,1.6,0.5,HEMA,0.64,0.5
44,DOI: 10.1039/c4py00203b,Ratcliffe 2014,Yes,GMA,0.09,60,Mixed,1.12,160,20,7,0,Yes,Carb. Acid,70,ACVA,69,1.26,W,0,1,0,0,0,,,,,,,HBMA,1.6,0.5,HEMA,0.64,0.5
45,DOI: 10.1039/c4py00203b,Ratcliffe 2014,Yes,GMA,0.09,60,Mixed,1.12,180,20,7,0,Yes,Carb. Acid,70,ACVA,69,1.26,W+V,0,1,1,0,1,,,,,,,HBMA,1.6,0.5,HEMA,0.64,0.5
46,DOI: 10.1039/c4py00203b,Ratcliffe 2014,Yes,GMA,0.09,60,Mixed,1.12,200,20,7,0,Yes,Carb. Acid,70,ACVA,69,1.26,W+V,0,1,1,0,1,,,,,,,HBMA,1.6,0.5,HEMA,0.64,0.5
47,DOI: 10.1039/c4py00203b,Ratcliffe 2014,Yes,GMA,0.09,60,Mixed,1.12,220,20,7,0,Yes,Carb. Acid,70,ACVA,69,1.38,W+V,0,1,1,0,1,,,,,,,HBMA,1.6,0.5,HEMA,0.64,0.5
48,DOI: 10.1039/c4py00203b,Ratcliffe 2014,Yes,GMA,0.09,60,Mixed,1.12,250,20,7,0,Yes,Carb. Acid,70,ACVA,69,1.37,V,0,0,1,0,0,,,,,,,HBMA,1.6,0.5,HEMA,0.64,0.5
49,DOI: 10.1039/c4py00203b,Ratcliffe 2014,Yes,GMA,0.09,60,Mixed,1.12,300,20,7,0,Yes,Carb. Acid,70,ACVA,69,1.42,V,0,0,1,0,0,,,,,,,HBMA,1.6,0.5,HEMA,0.64,0.5
50,dx.doi.org/10.1021/la204539c,Chambon 2012,Yes,GMA,0.09,55,Mixed,1.13,329,10,7,0,No,,70,ACVA,69,,V,0,0,1,0,0,,,,,,,HPMA,1.1,0.75,GlyMA,1.2,0.25
51, dx.doi.org/10.1021/la304279y,Semsarilar 2013,Yes,Mixed,2.32,127,HPMA,1.1,500,10,7,0.3,Yes,Carb. Acid,70,ACVA,69,Not reported,S,1,0,0,0,0,GMA,0.09,0.913,QDMAEMA,-2.58,0.0866,,,,,,
52, dx.doi.org/10.1021/la304279y,Semsarilar 2013,Yes,Mixed,2.32,127,HPMA,1.1,300,10,7,0.3,Yes,Carb. Acid,70,ACVA,69,Not reported,S,1,0,0,0,0,GMA,0.09,0.913,QDMAEMA,-2.58,0.0866,,,,,,
53, dx.doi.org/10.1021/la304279y,Semsarilar 2013,Yes,Mixed,2.32,127,HPMA,1.1,600,10,7,0.3,Yes,Carb. Acid,70,ACVA,69,Not reported,S,1,0,0,0,0,GMA,0.09,0.913,QDMAEMA,-2.58,0.0866,,,,,,
54, dx.doi.org/10.1021/la304279y,Semsarilar 2013,Yes,Mixed,2.32,127,HPMA,1.1,700,10,7,0.3,Yes,Carb. Acid,70,ACVA,69,Not reported,S,1,0,0,0,0,GMA,0.09,0.913,QDMAEMA,-2.58,0.0866,,,,,,
55, dx.doi.org/10.1021/la304279y,Semsarilar 2013,Yes,Mixed,2.32,127,HPMA,1.1,900,10,7,0.3,Yes,Carb. Acid,70,ACVA,69,Not reported,S,1,0,0,0,0,GMA,0.09,0.913,QDMAEMA,-2.58,0.0866,,,,,,
56, dx.doi.org/10.1021/la304279y,Semsarilar 2013,Yes,Mixed,2.32,127,HPMA,1.1,200,10,7,0.3,Yes,Carb. Acid,70,ACVA,69,Not reported,Fused sphere,0,0,0,1,0,GMA,0.09,0.913,QDMAEMA,-2.58,0.0866,,,,,,
57, dx.doi.org/10.1021/la304279y,Semsarilar 2013,Yes,Mixed,2.32,127,HPMA,1.1,200,10,7,0.4,Yes,Carb. Acid,70,ACVA,69,Not reported,S,1,0,0,0,0,GMA,0.09,0.913,QDMAEMA,-2.58,0.0866,,,,,,
58, dx.doi.org/10.1021/la304279y,Semsarilar 2013,"No, replicate",Mixed,2.32,127,HPMA,1.1,300,10,7,0.3,Yes,Carb. Acid,70,ACVA,69,Not reported,S,1,0,0,0,0,GMA,0.09,0.913,QDMAEMA,-2.58,0.0866,,,,,,
59, dx.doi.org/10.1021/la304279y,Semsarilar 2013,Yes,Mixed,2.32,127,HPMA,1.1,400,10,7,0.3,Yes,Carb. Acid,70,ACVA,69,Not reported,S,1,0,0,0,0,GMA,0.09,0.913,QDMAEMA,-2.58,0.0866,,,,,,
60, dx.doi.org/10.1021/la304279y,Semsarilar 2013,"No, replicate",Mixed,2.32,127,HPMA,1.1,500,10,7,0.3,Yes,Carb. Acid,70,ACVA,69,Not reported,S,1,0,0,0,0,GMA,0.09,0.913,QDMAEMA,-2.58,0.0866,,,,,,
61, dx.doi.org/10.1021/la304279y,Semsarilar 2013,"No, replicate",Mixed,2.32,127,HPMA,1.1,600,10,7,0.3,Yes,Carb. Acid,70,ACVA,69,Not reported,S,1,0,0,0,0,GMA,0.09,0.913,QDMAEMA,-2.58,0.0866,,,,,,
62, dx.doi.org/10.1021/la304279y,Semsarilar 2013,"No, replicate",Mixed,2.32,127,HPMA,1.1,700,10,7,0.3,Yes,Carb. Acid,70,ACVA,69,Not reported,S,1,0,0,0,0,GMA,0.09,0.913,QDMAEMA,-2.58,0.0866,,,,,,
63, dx.doi.org/10.1021/la304279y,Semsarilar 2013,"No, replicate",Mixed,2.32,127,HPMA,1.1,900,10,7,0.3,Yes,Carb. Acid,70,ACVA,69,Not reported,S,1,0,0,0,0,GMA,0.09,0.913,QDMAEMA,-2.58,0.0866,,,,,,
64,dx.doi.org/10.1021/mz300318a,Rosselgong 2012,Yes,Mixed,0.18,44,HPMA,1.1,200,10,7,0,No,,70,ACVA,69,1.17,V,0,0,1,0,0,GMA,0.09,0.972,DSDMA,3.45,0.028,,,,,,
65,DOI:10.1021/acs.langmuir.9b02789 ,Byard 2019,Yes,2-(acryloyloxy)ethyltrimethylammonium chloride,-3.13,100,DAAM,0.69,100,20,7,0,No,,56,AIBA,56,Not reported,S,1,0,0,0,0,,,,,,,,,,,,
66,DOI:10.1021/acs.langmuir.9b02789 ,Byard 2019,Yes,2-(acryloyloxy)ethyltrimethylammonium chloride,-3.13,100,DAAM,0.69,300,20,7,0,No,,56,AIBA,56,Not reported,S,1,0,0,0,0,,,,,,,,,,,,
67,DOI:10.1021/acs.langmuir.9b02789,Byard 2019,Yes,2-(acryloyloxy)ethyltrimethylammonium chloride,-3.13,100,DAAM,0.69,500,20,7,0,No,,56,AIBA,56,Not reported,S,1,0,0,0,0,,,,,,,,,,,,
68,DOI:10.1021/acs.langmuir.9b02789,Byard 2019,Yes,2-(acryloyloxy)ethyltrimethylammonium chloride,-3.13,100,DAAM,0.69,700,20,7,0,No,,56,AIBA,56,Not reported,S,1,0,0,0,0,,,,,,,,,,,,
69,DOI:10.1021/acs.langmuir.9b02789,Byard 2019,Yes,2-(acryloyloxy)ethyltrimethylammonium chloride,-3.13,100,DAAM,0.69,1000,20,7,0,No,,56,AIBA,56,Not reported,S,1,0,0,0,0,,,,,,,,,,,,
70,DOI:10.1021/acs.langmuir.9b02789,Byard 2019,Yes,2-(acryloyloxy)ethyltrimethylammonium chloride,-3.13,100,DAAM,0.69,1500,20,7,0,No,,56,AIBA,56,Not reported,S,1,0,0,0,0,,,,,,,,,,,,
71,DOI:10.1021/acs.langmuir.9b02789,Byard 2019,Yes,2-(acryloyloxy)ethyltrimethylammonium chloride,-3.13,100,DAAM,0.69,2000,20,7,0,No,,56,AIBA,56,Not reported,S,1,0,0,0,0,,,,,,,,,,,,
72,DOI:10.1021/acs.macromol.5b02470 ,Lovett 2016_B,Yes,GMA,0.09,43,HPMA,1.1,175,10,3.5,0,No,Carb. Acid,70,ACVA,69,1.16,V,0,0,1,0,0,,,,,,,,,,,,
73,DOI:10.1021/acs.macromol.5b02470 ,Lovett 2016_B,Yes,GMA,0.09,43,HPMA,1.1,200,10,3.5,0,No,Carb. Acid,70,ACVA,69,1.16,V,0,0,1,0,0,,,,,,,,,,,,
74,DOI:10.1021/acs.macromol.5b02470 ,Lovett 2016_B,Yes,GMA,0.09,43,HPMA,1.1,225,10,3.5,0,No,Carb. Acid,70,ACVA,69,1.15,V,0,0,1,0,0,,,,,,,,,,,,
75,DOI:10.1021/acs.macromol.5b02470 ,Lovett 2016_B,Yes,GMA,0.09,43,HPMA,1.1,250,10,3.5,0,No,Carb. Acid,70,ACVA,69,1.16,V,0,0,1,0,0,,,,,,,,,,,,
76,DOI:10.1021/acs.macromol.6b00422 ,Lovett 2016_A,Yes,GMA,0.09,56,HPMA,1.1,144,15,7,0,No,,50,VA-044,44,1.12,W,0,1,0,0,0,,,,,,,,,,,,
77,DOI:10.1021/acs.biomac.6b00540,Ratcliffe 2016,Yes,GMA,0.09,56,HPMA,1.1,180,10,7,0,No,,70,ACVA,69,1.14,V,0,0,1,0,0,,,,,,,,,,,,
78,DOI:10.1021/acs.langmuir.7b02267 ,Thompson 2017,Yes,GMA,0.09,48,Trifluoroethyl methacrylate,2.29,50,10,7,0,No,,70,ACVA,69,1.14,S,1,0,0,0,0,,,,,,,,,,,,
79,DOI:10.1021/acs.macromol.6b00987,Akpinar 2016,Yes,GMA,0.09,28,Trifluoroethyl methacrylate,2.29,100,20,7,0,No,,70,ACVA,69,Not reported,S,1,0,0,0,0,,,,,,,,,,,,
80,DOI:10.1021/acs.macromol.6b00987,Akpinar 2016,Yes,GMA,0.09,28,Trifluoroethyl methacrylate,2.29,200,20,7,0,No,,70,ACVA,69,Not reported,S,1,0,0,0,0,,,,,,,,,,,,
81,DOI:10.1021/acs.macromol.6b00987,Akpinar 2016,Yes,GMA,0.09,28,Trifluoroethyl methacrylate,2.29,300,20,7,0,No,,70,ACVA,69,Not reported,S,1,0,0,0,0,,,,,,,,,,,,
82,DOI:10.1021/acs.macromol.6b00987,Akpinar 2016,Yes,GMA,0.09,28,Trifluoroethyl methacrylate,2.29,400,20,7,0,No,,70,ACVA,69,Not reported,S,1,0,0,0,0,,,,,,,,,,,,
83,DOI:10.1021/acs.macromol.6b00987,Akpinar 2016,Yes,GMA,0.09,28,Trifluoroethyl methacrylate,2.29,500,20,7,0,No,,70,ACVA,69,Not reported,S,1,0,0,0,0,,,,,,,,,,,,
84,DOI:10.1021/acs.macromol.6b00987,Akpinar 2016,Yes,GMA,0.09,43,Trifluoroethyl methacrylate,2.29,400,20,7,0,No,,70,ACVA,69,Not reported,S,1,0,0,0,0,,,,,,,,,,,,
85,DOI:10.1021/acs.macromol.6b00987,Akpinar 2016,Yes,GMA,0.09,43,Trifluoroethyl methacrylate,2.29,600,20,7,0,No,,70,ACVA,69,Not reported,S,1,0,0,0,0,,,,,,,,,,,,
86,DOI:10.1021/acs.macromol.6b00987,Akpinar 2016,Yes,GMA,0.09,43,Trifluoroethyl methacrylate,2.29,800,20,7,0,No,,70,ACVA,69,Not reported,S,1,0,0,0,0,,,,,,,,,,,,
87,DOI:10.1021/acs.macromol.6b00987,Akpinar 2016,Yes,GMA,0.09,43,Trifluoroethyl methacrylate,2.29,1000,20,7,0,No,,70,ACVA,69,Not reported,S,1,0,0,0,0,,,,,,,,,,,,
88,DOI:10.1021/acs.macromol.6b00987,Akpinar 2016,Yes,GMA,0.09,63,Trifluoroethyl methacrylate,2.29,123,20,7,0,No,,70,ACVA,69,Not reported,S,1,0,0,0,0,,,,,,,,,,,,
89,DOI:10.1021/acs.macromol.6b00987,Akpinar 2016,Yes,GMA,0.09,63,Trifluoroethyl methacrylate,2.29,184,20,7,0,No,,70,ACVA,69,Not reported,S,1,0,0,0,0,,,,,,,,,,,,
90,DOI:10.1021/acs.macromol.6b00987,Akpinar 2016,Yes,GMA,0.09,63,Trifluoroethyl methacrylate,2.29,246,20,7,0,No,,70,ACVA,69,Not reported,S,1,0,0,0,0,,,,,,,,,,,,
91,DOI:10.1021/acs.macromol.6b00987,Akpinar 2016,Yes,GMA,0.09,63,Trifluoroethyl methacrylate,2.29,369,20,7,0,No,,70,ACVA,69,Not reported,S,1,0,0,0,0,,,,,,,,,,,,
92,DOI:10.1021/acs.macromol.6b00987,Akpinar 2016,Yes,GMA,0.09,63,Trifluoroethyl methacrylate,2.29,400,20,7,0,No,,70,ACVA,69,Not reported,S,1,0,0,0,0,,,,,,,,,,,,
93,DOI:10.1021/acs.macromol.6b00987,Akpinar 2016,Yes,GMA,0.09,63,Trifluoroethyl methacrylate,2.29,430,20,7,0,No,,70,ACVA,69,Not reported,S,1,0,0,0,0,,,,,,,,,,,,
94,DOI:10.1021/acs.macromol.6b00987,Akpinar 2016,Yes,GMA,0.09,63,Trifluoroethyl methacrylate,2.29,492,20,7,0,No,,70,ACVA,69,Not reported,S,1,0,0,0,0,,,,,,,,,,,,
95,DOI:10.1021/acs.macromol.6b00987,Akpinar 2016,Yes,GMA,0.09,63,Trifluoroethyl methacrylate,2.29,615,20,7,0,No,,70,ACVA,69,Not reported,S,1,0,0,0,0,,,,,,,,,,,,
96,DOI:10.1021/acs.macromol.6b00987,Akpinar 2016,Yes,GMA,0.09,63,Trifluoroethyl methacrylate,2.29,737,20,7,0,No,,70,ACVA,69,Not reported,S,1,0,0,0,0,,,,,,,,,,,,
97,DOI:10.1021/acs.macromol.6b00987,Akpinar 2016,Yes,GMA,0.09,63,Trifluoroethyl methacrylate,2.29,983,20,7,0,No,,70,ACVA,69,Not reported,S,1,0,0,0,0,,,,,,,,,,,,
98,DOI:10.1021/acs.macromol.6b00987,Akpinar 2016,Yes,GMA,0.09,63,Trifluoroethyl methacrylate,2.29,1106,20,7,0,No,,70,ACVA,69,Not reported,S,1,0,0,0,0,,,,,,,,,,,,
99,DOI:10.1021/acs.macromol.6b00987,Akpinar 2016,Yes,GMA,0.09,98,Trifluoroethyl methacrylate,2.29,400,20,7,0,No,,70,ACVA,69,Not reported,S,1,0,0,0,0,,,,,,,,,,,,
100,DOI:10.1021/acs.macromol.6b00987,Akpinar 2016,Yes,GMA,0.09,98,Trifluoroethyl methacrylate,2.29,600,20,7,0,No,,70,ACVA,69,Not reported,S,1,0,0,0,0,,,,,,,,,,,,
101,DOI:10.1021/acs.macromol.6b00987,Akpinar 2016,Yes,GMA,0.09,98,Trifluoroethyl methacrylate,2.29,800,20,7,0,No,,70,ACVA,69,Not reported,S,1,0,0,0,0,,,,,,,,,,,,
102,DOI:10.1021/acs.macromol.6b00987,Akpinar 2016,Yes,GMA,0.09,98,Trifluoroethyl methacrylate,2.29,1000,20,7,0,No,,70,ACVA,69,Not reported,S,1,0,0,0,0,,,,,,,,,,,,
103,DOI:10.1021/acs.macromol.6b02309 ,Cockram 2017,Yes,MAA,-1.96,56,HBMA,1.6,50,20,5,0,No,,70,ACVA,69,Cross-linked,S,1,0,0,0,0,,,,,,,,,,,,
104,DOI:10.1021/acs.macromol.6b02309 ,Cockram 2017,Yes,MAA,-1.96,56,HBMA,1.6,130,20,5,0,No,,70,ACVA,69,Cross-linked,S,1,0,0,0,0,,,,,,,,,,,,
105,DOI:10.1021/acs.macromol.6b02309,Cockram 2017,Yes,MAA,-1.96,56,HBMA,1.6,300,20,5,0,No,,70,ACVA,69,Cross-linked,S,1,0,0,0,0,,,,,,,,,,,,
106,DOI:10.1021/acs.macromol.6b02309,Cockram 2017,Yes,MAA,-1.96,56,HBMA,1.6,1000,20,5,0,No,,70,ACVA,69,Cross-linked,S,1,0,0,0,0,,,,,,,,,,,,
107,DOI:10.1021/acs.macromol.6b02309,Cockram 2017,Yes,MAA,-1.96,56,HBMA,1.6,150,20,5,0,No,,70,ACVA,69,Cross-linked,Monkey nut,0,0,0,1,0,,,,,,,,,,,,
108,DOI:10.1021/acs.macromol.6b02309,Cockram 2017,Yes,MAA,-1.96,56,HBMA,1.6,155,20,5,0,No,,70,ACVA,69,Cross-linked,Monkey nut,0,0,0,1,0,,,,,,,,,,,,
109,DOI:10.1021/acs.macromol.6b02309,Cockram 2017,Yes,MAA,-1.96,56,HBMA,1.6,1500,20,5,0,No,,70,ACVA,69,Cross-linked,S,1,0,0,0,0,,,,,,,,,,,,
110,DOI:10.1021/acs.macromol.6b02309,Cockram 2017,Yes,MAA,-1.96,28,HBMA,1.6,50,20,5,0,No,,70,ACVA,69,Cross-linked,S,1,0,0,0,0,,,,,,,,,,,,
111,DOI:10.1021/acs.macromol.6b02309,Cockram 2017,Yes,MAA,-1.96,28,HBMA,1.6,60,20,5,0,No,,70,ACVA,69,Cross-linked,S,1,0,0,0,0,,,,,,,,,,,,
112,DOI:10.1021/acs.macromol.6b02309,Cockram 2017,Yes,MAA,-1.96,28,HBMA,1.6,70,20,5,0,No,,70,ACVA,69,Cross-linked,S,1,0,0,0,0,,,,,,,,,,,,
113,DOI:10.1021/acs.macromol.6b02309,Cockram 2017,Yes,MAA,-1.96,28,HBMA,1.6,80,20,5,0,No,,70,ACVA,69,Cross-linked,S,1,0,0,0,0,,,,,,,,,,,,
114,DOI:10.1021/acs.macromol.6b02309,Cockram 2017,Yes,MAA,-1.96,28,HBMA,1.6,100,20,5,0,No,,70,ACVA,69,Cross-linked,S,1,0,0,0,0,,,,,,,,,,,,
115,DOI:10.1021/acs.macromol.6b02309,Cockram 2017,Yes,MAA,-1.96,28,HBMA,1.6,125,20,5,0,No,,70,ACVA,69,Cross-linked,S,1,0,0,0,0,,,,,,,,,,,,
116,DOI:10.1021/acs.macromol.6b02309,Cockram 2017,Yes,MAA,-1.96,28,HBMA,1.6,150,20,5,0,No,,70,ACVA,69,Cross-linked,S,1,0,0,0,0,,,,,,,,,,,,
117,DOI:10.1021/acs.macromol.6b02643 ,Byard 2017,Yes,DMA,-0.13,40,DAAM,0.69,50,20,2.5,0,No,Carb. Acid,70,ACVA,69,1.13,S+W ,1,1,0,0,1,,,,,,,,,,,,
118,DOI:10.1021/acs.macromol.6b02643 ,Byard 2017,Yes,DMA,-0.13,40,DAAM,0.69,70,20,2.5,0,No,Carb. Acid,70,ACVA,69,1.24,S+W ,1,1,0,0,1,,,,,,,,,,,,
119,DOI:10.1021/acs.macromol.6b02643,Byard 2017,Yes,DMA,-0.13,40,DAAM,0.69,85,20,2.5,0,No,Carb. Acid,70,ACVA,69,1.2,S+W ,1,1,0,0,1,,,,,,,,,,,,
120,DOI:10.1021/acs.macromol.6b02643,Byard 2017,Yes,DMA,-0.13,40,DAAM,0.69,90,20,2.5,0,No,Carb. Acid,70,ACVA,69,1.27,S+W ,1,1,0,0,1,,,,,,,,,,,,
121,DOI:10.1021/acs.macromol.6b02643,Byard 2017,Yes,DMA,-0.13,40,DAAM,0.69,95,20,2.5,0,No,Carb. Acid,70,ACVA,69,1.25,S+W ,1,1,0,0,1,,,,,,,,,,,,
122,DOI:10.1021/acs.macromol.6b02643,Byard 2017,Yes,DMA,-0.13,40,DAAM,0.69,99,20,2.5,0,No,Carb. Acid,70,ACVA,69,1.28,W ,0,1,0,0,0,,,,,,,,,,,,
123,DOI:10.1021/acs.macromol.6b02643,Byard 2017,Yes,DMA,-0.13,40,DAAM,0.69,105,20,2.5,0,No,Carb. Acid,70,ACVA,69,1.26,W+V ,0,1,1,0,1,,,,,,,,,,,,
124,DOI:10.1021/acs.macromol.6b02643,Byard 2017,Yes,DMA,-0.13,40,DAAM,0.69,110,20,2.5,0,No,Carb. Acid,70,ACVA,69,1.3,W+V ,0,1,1,0,1,,,,,,,,,,,,
125,DOI:10.1021/acs.macromol.6b02643,Byard 2017,Yes,DMA,-0.13,40,DAAM,0.69,115,20,2.5,0,No,Carb. Acid,70,ACVA,69,1.3,W+V ,0,1,1,0,1,,,,,,,,,,,,
126,DOI:10.1021/acs.macromol.6b02643,Byard 2017,Yes,DMA,-0.13,40,DAAM,0.69,120,20,2.5,0,No,Carb. Acid,70,ACVA,69,1.22,W+V ,0,1,1,0,1,,,,,,,,,,,,
127,DOI:10.1021/acs.macromol.6b02643,Byard 2017,Yes,DMA,-0.13,40,DAAM,0.69,140,20,2.5,0,No,Carb. Acid,70,ACVA,69,1.2,V ,0,0,1,0,0,,,,,,,,,,,,
128,DOI:10.1021/acs.macromol.6b02643,Byard 2017,Yes,DMA,-0.13,40,DAAM,0.69,150,20,2.5,0,No,Carb. Acid,70,ACVA,69,1.38,V ,0,0,1,0,0,,,,,,,,,,,,
129,DOI:10.1021/acs.macromol.6b02643,Byard 2017,Yes,DMA,-0.13,40,DAAM,0.69,198,20,2.5,0,No,Carb. Acid,70,ACVA,69,1.43,V ,0,0,1,0,0,,,,,,,,,,,,
130,DOI:10.1021/acs.macromol.6b02643,Byard 2017,Yes,DMA,-0.13,46,DAAM,0.69,54,20,2.5,0,No,Carb. Acid,70,ACVA,69,1.14,S+W ,1,1,0,0,1,,,,,,,,,,,,
131,DOI:10.1021/acs.macromol.6b02643,Byard 2017,Yes,DMA,-0.13,46,DAAM,0.69,65,20,2.5,0,No,Carb. Acid,70,ACVA,69,1.15,S+W ,1,1,0,0,1,,,,,,,,,,,,
132,DOI:10.1021/acs.macromol.6b02643,Byard 2017,Yes,DMA,-0.13,46,DAAM,0.69,76,20,2.5,0,No,Carb. Acid,70,ACVA,69,1.16,S+W ,1,1,0,0,1,,,,,,,,,,,,
133,DOI:10.1021/acs.macromol.6b02643,Byard 2017,Yes,DMA,-0.13,46,DAAM,0.69,87,20,2.5,0,No,Carb. Acid,70,ACVA,69,1.27,S+W ,1,1,0,0,1,,,,,,,,,,,,
134,DOI:10.1021/acs.macromol.6b02643,Byard 2017,Yes,DMA,-0.13,46,DAAM,0.69,98,20,2.5,0,No,Carb. Acid,70,ACVA,69,1.2,W+V ,0,1,1,0,1,,,,,,,,,,,,
135,DOI:10.1021/acs.macromol.6b02643,Byard 2017,Yes,DMA,-0.13,46,DAAM,0.69,109,20,2.5,0,No,Carb. Acid,70,ACVA,69,1.2,W+V ,0,1,1,0,1,,,,,,,,,,,,
136,DOI:10.1021/acs.macromol.6b02643,Byard 2017,Yes,DMA,-0.13,46,DAAM,0.69,131,20,2.5,0,No,Carb. Acid,70,ACVA,69,1.22,W+V ,0,1,1,0,1,,,,,,,,,,,,
137,DOI:10.1021/acs.macromol.6b02643,Byard 2017,Yes,DMA,-0.13,46,DAAM,0.69,172,20,2.5,0,No,Carb. Acid,70,ACVA,69,1.27,V ,0,0,1,0,0,,,,,,,,,,,,
138,DOI:10.1021/acs.macromol.6b02643,Byard 2017,Yes,DMA,-0.13,46,DAAM,0.69,216,20,2.5,0,No,Carb. Acid,70,ACVA,69,1.27,V ,0,0,1,0,0,,,,,,,,,,,,
139,DOI:10.1021/acs.macromol.6b02643,Byard 2017,Yes,DMA,-0.13,58,DAAM,0.69,57,20,2.5,0,No,Carb. Acid,70,ACVA,69,1.27,S+W ,1,1,0,0,1,,,,,,,,,,,,
140,DOI:10.1021/acs.macromol.6b02643,Byard 2017,Yes,DMA,-0.13,58,DAAM,0.69,69,20,2.5,0,No,Carb. Acid,70,ACVA,69,1.28,S+W ,1,1,0,0,1,,,,,,,,,,,,
141,DOI:10.1021/acs.macromol.6b02643,Byard 2017,Yes,DMA,-0.13,58,DAAM,0.69,80,20,2.5,0,No,Carb. Acid,70,ACVA,69,1.3,S+W ,1,1,0,0,1,,,,,,,,,,,,
142,DOI:10.1021/acs.macromol.6b02643,Byard 2017,Yes,DMA,-0.13,58,DAAM,0.69,91,20,2.5,0,No,Carb. Acid,70,ACVA,69,1.28,S+W ,1,1,0,0,1,,,,,,,,,,,,
143,DOI:10.1021/acs.macromol.6b02643,Byard 2017,Yes,DMA,-0.13,58,DAAM,0.69,92,20,2.5,0,No,Carb. Acid,70,ACVA,69,1.33,S+W ,1,1,0,0,1,,,,,,,,,,,,
144,DOI:10.1021/acs.macromol.6b02643,Byard 2017,Yes,DMA,-0.13,58,DAAM,0.69,103,20,2.5,0,No,Carb. Acid,70,ACVA,69,1.34,S+W ,1,1,0,0,1,,,,,,,,,,,,
145,DOI:10.1021/acs.macromol.6b02643,Byard 2017,Yes,DMA,-0.13,58,DAAM,0.69,107,20,2.5,0,No,Carb. Acid,70,ACVA,69,1.22,W+V ,0,1,1,0,1,,,,,,,,,,,,
146,DOI:10.1021/acs.macromol.6b02643,Byard 2017,Yes,DMA,-0.13,58,DAAM,0.69,126,20,2.5,0,No,Carb. Acid,70,ACVA,69,1.3,W+V ,0,1,1,0,1,,,,,,,,,,,,
147,DOI:10.1021/acs.macromol.6b02643,Byard 2017,Yes,DMA,-0.13,58,DAAM,0.69,138,20,2.5,0,No,Carb. Acid,70,ACVA,69,1.29,W+V ,0,1,1,0,1,,,,,,,,,,,,
148,DOI:10.1021/acs.macromol.6b02643,Byard 2017,Yes,DMA,-0.13,58,DAAM,0.69,143,20,2.5,0,No,Carb. Acid,70,ACVA,69,1.31,W+V ,0,1,1,0,1,,,,,,,,,,,,
149,DOI:10.1021/acs.macromol.6b02643,Byard 2017,Yes,DMA,-0.13,58,DAAM,0.69,149,20,2.5,0,No,Carb. Acid,70,ACVA,69,1.3,V ,0,0,1,0,0,,,,,,,,,,,,
150,DOI:10.1021/acs.macromol.6b02643,Byard 2017,Yes,DMA,-0.13,58,DAAM,0.69,161,20,2.5,0,No,Carb. Acid,70,ACVA,69,1.33,V ,0,0,1,0,0,,,,,,,,,,,,
151,DOI:10.1021/acs.macromol.6b02643,Byard 2017,Yes,DMA,-0.13,58,DAAM,0.69,170,20,2.5,0,No,Carb. Acid,70,ACVA,69,1.39,V ,0,0,1,0,0,,,,,,,,,,,,
152,DOI:10.1021/acs.macromol.6b02643,Byard 2017,Yes,DMA,-0.13,58,DAAM,0.69,172,20,2.5,0,No,Carb. Acid,70,ACVA,69,1.33,V ,0,0,1,0,0,,,,,,,,,,,,
153,DOI:10.1021/acs.macromol.6b02643,Byard 2017,Yes,DMA,-0.13,58,DAAM,0.69,201,20,2.5,0,No,Carb. Acid,70,ACVA,69,1.38,V ,0,0,1,0,0,,,,,,,,,,,,
154,DOI:10.1021/acs.macromol.6b02643,Byard 2017,Yes,DMA,-0.13,58,DAAM,0.69,207,20,2.5,0,No,Carb. Acid,70,ACVA,69,1.38,V ,0,0,1,0,0,,,,,,,,,,,,
155,DOI:10.1021/acs.macromol.6b02643,Byard 2017,Yes,DMA,-0.13,58,DAAM,0.69,218,20,2.5,0,No,Carb. Acid,70,ACVA,69,1.37,V ,0,0,1,0,0,,,,,,,,,,,,
156,DOI:10.1021/acs.macromol.6b02643,Byard 2017,Yes,DMA,-0.13,58,DAAM,0.69,225,20,2.5,0,No,Carb. Acid,70,ACVA,69,1.54,V ,0,0,1,0,0,,,,,,,,,,,,
157,DOI:10.1021/acs.macromol.6b02643,Byard 2017,Yes,DMA,-0.13,58,DAAM,0.69,228,20,2.5,0,No,Carb. Acid,70,ACVA,69,1.37,V ,0,0,1,0,0,,,,,,,,,,,,
158,DOI:10.1021/acs.macromol.6b02643,Byard 2017,"No, replicate",DMA,-0.13,58,DAAM,0.69,230,20,2.5,0,No,Carb. Acid,70,ACVA,69,1.37,V ,0,0,1,0,0,,,,,,,,,,,,
159,DOI:10.1021/acs.macromol.6b02643,Byard 2017,Yes,DMA,-0.13,58,DAAM,0.69,230,20,2.5,0,No,Carb. Acid,70,ACVA,69,1.39,V ,0,0,1,0,0,,,,,,,,,,,,
160,DOI:10.1021/acs.macromol.6b02643,Byard 2017,Yes,DMA,-0.13,58,DAAM,0.69,342,20,2.5,0,No,Carb. Acid,70,ACVA,69,1.44,V ,0,0,1,0,0,,,,,,,,,,,,
161,DOI:10.1021/acs.macromol.6b02643,Byard 2017,Yes,DMA,-0.13,68,DAAM,0.69,78,20,2.5,0,No,Carb. Acid,70,ACVA,69,1.21,S ,1,0,0,0,0,,,,,,,,,,,,
162,DOI:10.1021/acs.macromol.6b02643,Byard 2017,Yes,DMA,-0.13,68,DAAM,0.69,104,20,2.5,0,No,Carb. Acid,70,ACVA,69,1.24,S ,1,0,0,0,0,,,,,,,,,,,,
163,DOI:10.1021/acs.macromol.6b02643,Byard 2017,Yes,DMA,-0.13,68,DAAM,0.69,157,20,2.5,0,No,Carb. Acid,70,ACVA,69,1.32,S ,1,0,0,0,0,,,,,,,,,,,,
164,DOI:10.1021/acs.macromol.6b02643,Byard 2017,Yes,DMA,-0.13,68,DAAM,0.69,207,20,2.5,0,No,Carb. Acid,70,ACVA,69,1.56,S ,1,0,0,0,0,,,,,,,,,,,,
165,DOI:10.1021/acs.macromol.6b02643,Byard 2017,Yes,DMA,-0.13,68,DAAM,0.69,413,20,2.5,0,No,Carb. Acid,70,ACVA,69,1.68,S ,1,0,0,0,0,,,,,,,,,,,,
166,DOI:10.1021/acs.macromol.6b02643,Byard 2017,Yes,DMA,-0.13,68,DAAM,0.69,620,20,2.5,0,No,Carb. Acid,70,ACVA,69,1.8,S ,1,0,0,0,0,,,,,,,,,,,,
167,DOI:10.1021/acs.macromol.6b02643,Byard 2017,Yes,DMA,-0.13,77,DAAM,0.69,75,20,2.5,0,No,Carb. Acid,70,ACVA,69,1.21,S ,1,0,0,0,0,,,,,,,,,,,,
168,DOI:10.1021/acs.macromol.6b02643,Byard 2017,Yes,DMA,-0.13,77,DAAM,0.69,100,20,2.5,0,No,Carb. Acid,70,ACVA,69,1.25,S ,1,0,0,0,0,,,,,,,,,,,,
169,DOI:10.1021/acs.macromol.6b02643,Byard 2017,Yes,DMA,-0.13,77,DAAM,0.69,149,20,2.5,0,No,Carb. Acid,70,ACVA,69,1.41,S ,1,0,0,0,0,,,,,,,,,,,,
170,DOI:10.1021/acs.macromol.6b02643,Byard 2017,Yes,DMA,-0.13,77,DAAM,0.69,198,20,2.5,0,No,Carb. Acid,70,ACVA,69,1.47,S ,1,0,0,0,0,,,,,,,,,,,,
171,DOI:10.1021/acs.macromol.6b02643,Byard 2017,Yes,DMA,-0.13,77,DAAM,0.69,297,20,2.5,0,No,Carb. Acid,70,ACVA,69,1.52,S ,1,0,0,0,0,,,,,,,,,,,,
172,DOI:10.1021/acs.macromol.6b02643,Byard 2017,Yes,DMA,-0.13,77,DAAM,0.69,396,20,2.5,0,No,Carb. Acid,70,ACVA,69,1.53,S ,1,0,0,0,0,,,,,,,,,,,,
173,DOI:10.1021/acs.macromol.6b02643,Byard 2017,Yes,DMA,-0.13,77,DAAM,0.69,495,20,2.5,0,No,Carb. Acid,70,ACVA,69,1.57,S ,1,0,0,0,0,,,,,,,,,,,,
174,DOI:10.1021/acs.macromol.6b02643,Byard 2017,Yes,DMA,-0.13,77,DAAM,0.69,588,20,2.5,0,No,Carb. Acid,70,ACVA,69,1.56,S ,1,0,0,0,0,,,,,,,,,,,,
175,DOI:10.1021/acs.macromol.8b02491,Penfold 2019,Yes,PEG,0.16,113,HPMA,1.1,100,10,7,0,No,,50,VAZO-044,44,1.1,S,1,0,0,0,0,,,,,,,,,,,,
176,DOI:10.1021/acs.macromol.8b02491,Penfold 2019,Yes,PEG,0.16,113,HPMA,1.1,150,10,7,0,No,,50,VAZO-044,44,1.12,S,1,0,0,0,0,,,,,,,,,,,,
177,DOI:10.1021/acs.macromol.8b02491,Penfold 2019,Yes,PEG,0.16,113,HPMA,1.1,200,10,7,0,No,,50,VAZO-044,44,1.16,W,0,1,0,0,0,,,,,,,,,,,,
178,DOI:10.1021/acs.macromol.8b02491,Penfold 2019,Yes,PEG,0.16,113,HPMA,1.1,250,10,7,0,No,,50,VAZO-044,44,1.2,V,0,0,1,0,0,,,,,,,,,,,,
179,DOI:10.1021/acs.macromol.8b02491,Penfold 2019,Yes,PEG,0.16,113,HPMA,1.1,300,10,7,0,No,,50,VAZO-044,44,1.26,V,0,0,1,0,0,,,,,,,,,,,,
180,DOI:10.1021/acs.macromol.8b02491_PEG DP=45 added,Penfold 2019,Yes,PEG,0.16,113,HPMA,1.1,350,10,7,0,No,,50,VAZO-044,44,1.2,V,0,0,1,0,0,,,,,,,,,,,,
181,DOI:10.1021/acs.macromol.8b02491,Penfold 2019,Yes,PEG,0.16,45,HPMA,1.1,100,10,7,0,No,,50,VAZO-044,44,,Precipitate,0,0,0,0,0,,,,,,,,,,,,
182,DOI:10.1021/acs.macromol.8b02491,Penfold 2019,Yes,PEG,0.16,45,HPMA,1.1,150,10,7,0,No,,50,VAZO-044,44,,Precipitate,0,0,0,0,0,,,,,,,,,,,,
183,DOI:10.1021/acs.macromol.8b02491,Penfold 2019,Yes,PEG,0.16,45,HPMA,1.1,200,10,7,0,No,,50,VAZO-044,44,,Precipitate,0,0,0,0,0,,,,,,,,,,,,
184,DOI:10.1021/acs.macromol.8b02491,Penfold 2019,Yes,PEG,0.16,45,HPMA,1.1,250,10,7,0,No,,50,VAZO-044,44,,Precipitate,0,0,0,0,0,,,,,,,,,,,,
185,DOI:10.1021/acs.macromol.8b02491,Penfold 2019,Yes,PEG,0.16,45,HPMA,1.1,300,10,7,0,No,,50,VAZO-044,44,,Precipitate,0,0,0,0,0,,,,,,,,,,,,
186,DOI:10.1021/acs.macromol.8b02491,Penfold 2019,Yes,PEG,0.16,45,HPMA,1.1,350,10,7,0,No,,50,VAZO-044,44,,Precipitate,0,0,0,0,0,,,,,,,,,,,,
187,DOI: 10.1039/c1sm06593a,Sugihara 2011_A,Yes,MPC,-5.27,53,HPMA,1.1,50,10,7,0,Yes,Carb. Acid,70,V-501,69,1.2,No assembly,0,0,0,????,0,,,,,,,,,,,,
188,DOI: 10.1039/c1sm06593a,Sugihara 2011_A,Yes,MPC,-5.27,53,HPMA,1.1,108,10,7,0,Yes,Carb. Acid,70,V-501,69,1.25,S,1,0,0,0,0,,,,,,,,,,,,
189,DOI: 10.1039/c1sm06593a,Sugihara 2011_A,Yes,MPC,-5.27,53,HPMA,1.1,203,10,7,0,Yes,Carb. Acid,70,V-501,69,1.23,S,1,0,0,0,0,,,,,,,,,,,,
190,DOI: 10.1039/c1sm06593a,Sugihara 2011_A,Yes,MPC,-5.27,53,HPMA,1.1,296,10,7,0,Yes,Carb. Acid,70,V-501,69,1.48,S,1,0,0,0,0,,,,,,,,,,,,
191,DOI: 10.1039/c1sm06593a,Sugihara 2011_A,Yes,MPC,-5.27,53,HPMA,1.1,404,10,7,0,Yes,Carb. Acid,70,V-501,69,1.78,S,1,0,0,0,0,,,,,,,,,,,,
192,DOI: 10.1039/c1sm06593a,Sugihara 2011_A,Yes,MPC,-5.27,155,HPMA,1.1,204,10,7,0,Yes,Carb. Acid,70,V-501,69,1.35,S,1,0,0,0,0,,,,,,,,,,,,
193,DOI: 10.1039/c4py00203b,Ratcliffe 2014,Yes,GMA,0.09,60,HEMA,0.64,75,10,7,0,Yes,Carb. Acid,70,ACVA,69,1.15,No assembly,0,0,0,????,0,,,,,,,,,,,,
194,DOI: 10.1039/c4py00203b,Ratcliffe 2014,Yes,GMA,0.09,60,HEMA,0.64,125,10,7,0,Yes,Carb. Acid,70,ACVA,69,1.11,No assembly,0,0,0,????,0,,,,,,,,,,,,
195,DOI: 10.1039/c4py00203b,Ratcliffe 2014,Yes,GMA,0.09,60,HEMA,0.64,175,10,7,0,Yes,Carb. Acid,70,ACVA,69,1.12,No assembly,0,0,0,????,0,,,,,,,,,,,,
196,DOI: 10.1039/c4py00203b,Ratcliffe 2014,Yes,GMA,0.09,60,HEMA,0.64,215,10,7,0,Yes,Carb. Acid,70,ACVA,69,1.13,No assembly,0,0,0,????,0,,,,,,,,,,,,
197,DOI: 10.1039/c4py00203b,Ratcliffe 2014,Yes,GMA,0.09,60,HEMA,0.64,255,10,7,0,Yes,Carb. Acid,70,ACVA,69,1.16,No assembly,0,0,0,????,0,,,,,,,,,,,,
198,DOI: 10.1039/c4py00203b,Ratcliffe 2014,Yes,GMA,0.09,60,HEMA,0.64,300,10,7,0,Yes,Carb. Acid,70,ACVA,69,1.17,No assembly,0,0,0,????,0,,,,,,,,,,,,
199,DOI: 10.1039/c4py00203b,Ratcliffe 2014,Yes,GMA,0.09,60,HEMA,0.64,500,10,7,0,Yes,Carb. Acid,70,ACVA,69,1.28,No assembly,0,0,0,????,0,,,,,,,,,,,,
200,DOI: 10.1039/c4py00203b,Ratcliffe 2014,Yes,GMA,0.09,60,HBMA,1.6,75,10,7,0,Yes,Carb. Acid,70,ACVA,69,1.16,S,1,0,0,0,0,,,,,,,,,,,,
201,DOI: 10.1039/c4py00203b,Ratcliffe 2014,Yes,GMA,0.09,60,HBMA,1.6,125,10,7,0,Yes,Carb. Acid,70,ACVA,69,1.25,S,1,0,0,0,0,,,,,,,,,,,,
202,DOI: 10.1039/c4py00203b,Ratcliffe 2014,Yes,GMA,0.09,60,HBMA,1.6,175,10,7,0,Yes,Carb. Acid,70,ACVA,69,1.32,S,1,0,0,0,0,,,,,,,,,,,,
203,DOI: 10.1039/c4py00203b,Ratcliffe 2014,Yes,GMA,0.09,60,HBMA,1.6,300,10,7,0,Yes,Carb. Acid,70,ACVA,69,2.25,S,1,0,0,0,0,,,,,,,,,,,,
204,DOI: 10.1039/c4py00203b,Ratcliffe 2014,Yes,GMA,0.09,60,HBMA,1.6,400,10,7,0,Yes,Carb. Acid,70,ACVA,69,4.65,S,1,0,0,0,0,,,,,,,,,,,,
205,DOI: 10.1039/c4py00203b,Ratcliffe 2014,Yes,GMA,0.09,60,HBMA,1.6,500,10,7,0,Yes,Carb. Acid,70,ACVA,69,9.5,S,1,0,0,0,0,,,,,,,,,,,,
206,DOI: 10.1039/c4py01556h,Ladmiral 2015,Yes,Cysteine methacrylate,-2.88,31,HPMA,1.1,50,10,7,0,Yes,Carb. Acid,70,ACVA,69,Not reported,S,1,0,0,0,0,,,,,,,,,,,,
207,DOI: 10.1039/c4py01556h,Ladmiral 2015,Yes,Cysteine methacrylate,-2.88,31,HPMA,1.1,100,10,7,0,Yes,Carb. Acid,70,ACVA,69,Not reported,S,1,0,0,0,0,,,,,,,,,,,,
208,DOI: 10.1039/c4py01556h,Ladmiral 2015,Yes,Cysteine methacrylate,-2.88,31,HPMA,1.1,150,10,7,0,Yes,Carb. Acid,70,ACVA,69,Not reported,W,0,1,0,0,0,,,,,,,,,,,,
209,DOI: 10.1039/c4py01556h,Ladmiral 2015,Yes,Cysteine methacrylate,-2.88,31,HPMA,1.1,200,10,7,0,Yes,Carb. Acid,70,ACVA,69,Not reported,W+V,0,1,1,0,1,,,,,,,,,,,,
210,DOI: 10.1039/c4py01556h,Ladmiral 2015,Yes,Cysteine methacrylate,-2.88,31,HPMA,1.1,250,10,7,0,Yes,Carb. Acid,70,ACVA,69,Not reported,V,0,0,1,0,0,,,,,,,,,,,,
211,DOI: 10.1039/c4py01556h,Ladmiral 2015,Yes,Cysteine methacrylate,-2.88,31,HPMA,1.1,300,10,7,0,Yes,Carb. Acid,70,ACVA,69,Not reported,V,0,0,1,0,0,,,,,,,,,,,,
212,DOI: 10.1039/c4py01556h,Ladmiral 2015,Yes,Cysteine methacrylate,-2.88,31,HPMA,1.1,100,15,7,0,Yes,Carb. Acid,70,ACVA,69,Not reported,S,1,0,0,0,0,,,,,,,,,,,,
213,DOI: 10.1039/c4py01556h,Ladmiral 2015,Yes,Cysteine methacrylate,-2.88,31,HPMA,1.1,125,15,7,0,Yes,Carb. Acid,70,ACVA,69,Not reported,S+W,1,1,0,0,1,,,,,,,,,,,,
214,DOI: 10.1039/c4py01556h,Ladmiral 2015,Yes,Cysteine methacrylate,-2.88,31,HPMA,1.1,150,15,7,0,Yes,Carb. Acid,70,ACVA,69,Not reported,W,0,1,0,0,0,,,,,,,,,,,,
215,DOI: 10.1039/c4py01556h,Ladmiral 2015,Yes,Cysteine methacrylate,-2.88,31,HPMA,1.1,175,15,7,0,Yes,Carb. Acid,70,ACVA,69,Not reported,W,0,1,0,0,0,,,,,,,,,,,,
216,DOI: 10.1039/c4py01556h,Ladmiral 2015,Yes,Cysteine methacrylate,-2.88,31,HPMA,1.1,200,15,7,0,Yes,Carb. Acid,70,ACVA,69,Not reported,W+V,0,1,1,0,1,,,,,,,,,,,,
217,DOI: 10.1039/c4py01556h,Ladmiral 2015,Yes,Cysteine methacrylate,-2.88,31,HPMA,1.1,225,15,7,0,Yes,Carb. Acid,70,ACVA,69,Not reported,W+V,0,1,1,0,1,,,,,,,,,,,,
218,DOI: 10.1039/c4py01556h,Ladmiral 2015,Yes,Cysteine methacrylate,-2.88,31,HPMA,1.1,250,15,7,0,Yes,Carb. Acid,70,ACVA,69,Not reported,V,0,0,1,0,0,,,,,,,,,,,,
219,DOI: 10.1039/c4py01556h,Ladmiral 2015,Yes,Cysteine methacrylate,-2.88,31,HPMA,1.1,300,15,7,0,Yes,Carb. Acid,70,ACVA,69,Not reported,V,0,0,1,0,0,,,,,,,,,,,,
220,DOI: 10.1039/c4py01556h,Ladmiral 2015,Yes,Cysteine methacrylate,-2.88,31,HPMA,1.1,50,20,7,0,Yes,Carb. Acid,70,ACVA,69,Not reported,S,1,0,0,0,0,,,,,,,,,,,,
221,DOI: 10.1039/c4py01556h,Ladmiral 2015,Yes,Cysteine methacrylate,-2.88,31,HPMA,1.1,100,20,7,0,Yes,Carb. Acid,70,ACVA,69,Not reported,S,1,0,0,0,0,,,,,,,,,,,,
222,DOI: 10.1039/c4py01556h,Ladmiral 2015,Yes,Cysteine methacrylate,-2.88,31,HPMA,1.1,125,20,7,0,Yes,Carb. Acid,70,ACVA,69,Not reported,S+W,1,1,0,0,1,,,,,,,,,,,,
223,DOI: 10.1039/c4py01556h,Ladmiral 2015,Yes,Cysteine methacrylate,-2.88,31,HPMA,1.1,150,20,7,0,Yes,Carb. Acid,70,ACVA,69,Not reported,W,0,1,0,0,0,,,,,,,,,,,,
224,DOI: 10.1039/c4py01556h,Ladmiral 2015,Yes,Cysteine methacrylate,-2.88,31,HPMA,1.1,165,20,7,0,Yes,Carb. Acid,70,ACVA,69,Not reported,W,0,1,0,0,0,,,,,,,,,,,,
225,DOI: 10.1039/c4py01556h,Ladmiral 2015,Yes,Cysteine methacrylate,-2.88,31,HPMA,1.1,225,20,7,0,Yes,Carb. Acid,70,ACVA,69,Not reported,W+V,0,1,1,0,1,,,,,,,,,,,,
226,DOI: 10.1039/c4py01556h,Ladmiral 2015,Yes,Cysteine methacrylate,-2.88,31,HPMA,1.1,250,20,7,0,Yes,Carb. Acid,70,ACVA,69,Not reported,W+V,0,1,1,0,1,,,,,,,,,,,,
227,DOI: 10.1039/c4py01556h,Ladmiral 2015,Yes,Cysteine methacrylate,-2.88,31,HPMA,1.1,300,20,7,0,Yes,Carb. Acid,70,ACVA,69,Not reported,V,0,0,1,0,0,,,,,,,,,,,,
228,DOI: 10.1039/c4py01556h,Ladmiral 2015,Yes,Glutathione methacrylate,-4.55,24,HPMA,1.1,100,10,7,0,Yes,Carb. Acid,70,ACVA,69,Not reported,S,1,0,0,0,0,,,,,,,,,,,,
229,DOI: 10.1039/c4py01556h,Ladmiral 2015,Yes,Glutathione methacrylate,-4.55,24,HPMA,1.1,175,10,7,0,Yes,Carb. Acid,70,ACVA,69,Not reported,S,1,0,0,0,0,,,,,,,,,,,,
230,DOI: 10.1039/c4py01556h,Ladmiral 2015,Yes,Glutathione methacrylate,-4.55,24,HPMA,1.1,225,10,7,0,Yes,Carb. Acid,70,ACVA,69,Not reported,S,1,0,0,0,0,,,,,,,,,,,,
231,DOI: 10.1039/c4py01556h,Ladmiral 2015,Yes,Glutathione methacrylate,-4.55,24,HPMA,1.1,300,10,7,0,Yes,Carb. Acid,70,ACVA,69,Not reported,S,1,0,0,0,0,,,,,,,,,,,,
232,DOI: 10.1039/c4py01556h,Ladmiral 2015,Yes,Glutathione methacrylate,-4.55,24,HPMA,1.1,100,15,7,0,Yes,Carb. Acid,70,ACVA,69,Not reported,S,1,0,0,0,0,,,,,,,,,,,,
233,DOI: 10.1039/c4py01556h,Ladmiral 2015,Yes,Glutathione methacrylate,-4.55,24,HPMA,1.1,175,15,7,0,Yes,Carb. Acid,70,ACVA,69,Not reported,S,1,0,0,0,0,,,,,,,,,,,,
234,DOI: 10.1039/c4py01556h,Ladmiral 2015,Yes,Glutathione methacrylate,-4.55,24,HPMA,1.1,300,15,7,0,Yes,Carb. Acid,70,ACVA,69,Not reported,S,1,0,0,0,0,,,,,,,,,,,,
235,DOI: 10.1039/c4py01556h,Ladmiral 2015,Yes,Glutathione methacrylate,-4.55,24,HPMA,1.1,100,20,7,0,Yes,Carb. Acid,70,ACVA,69,Not reported,S,1,0,0,0,0,,,,,,,,,,,,
236,DOI: 10.1039/c4py01556h,Ladmiral 2015,Yes,Glutathione methacrylate,-4.55,24,HPMA,1.1,175,20,7,0,Yes,Carb. Acid,70,ACVA,69,Not reported,S,1,0,0,0,0,,,,,,,,,,,,
237,DOI: 10.1039/c4py01556h,Ladmiral 2015,Yes,Glutathione methacrylate,-4.55,24,HPMA,1.1,225,20,7,0,Yes,Carb. Acid,70,ACVA,69,Not reported,S,1,0,0,0,0,,,,,,,,,,,,
238,DOI: 10.1039/c4py01556h,Ladmiral 2015,Yes,Glutathione methacrylate,-4.55,24,HPMA,1.1,300,20,7,0,Yes,Carb. Acid,70,ACVA,69,Not reported,S,1,0,0,0,0,,,,,,,,,,,,
239,DOI: 10.1039/c5py00396b,Doncom 2015,Yes,DMAPS,-5.19,38,HPMA,1.1,201,10,7,0,Yes,Carb. Acid,70,ACVA,69,Not reported,S,1,0,0,0,0,,,,,,,,,,,,
240,DOI: 10.1039/c5py00396b,Doncom 2015,Yes,DMAPS,-5.19,38,HPMA,1.1,304,10,7,0,Yes,Carb. Acid,70,ACVA,69,Not reported,S,1,0,0,0,0,,,,,,,,,,,,
241,DOI: 10.1039/c5py00396b,Doncom 2015,Yes,DMAPS,-5.19,38,HPMA,1.1,403,10,7,0,Yes,Carb. Acid,70,ACVA,69,Not reported,S,1,0,0,0,0,,,,,,,,,,,,
242,DOI: 10.1039/c5py00396b,Doncom 2015,Yes,DMAPS,-5.19,38,HPMA,1.1,313,12.5,7,0,Yes,Carb. Acid,70,ACVA,69,Not reported,S,1,0,0,0,0,,,,,,,,,,,,
243,DOI: 10.1039/c5py00396b,Doncom 2015,Yes,DMAPS,-5.19,38,HPMA,1.1,396,12.5,7,0,Yes,Carb. Acid,70,ACVA,69,Not reported,S+V,1,0,1,0,1,,,,,,,,,,,,
244,DOI: 10.1039/c5py00396b,Doncom 2015,Yes,DMAPS,-5.19,38,HPMA,1.1,286,13.5,7,0,Yes,Carb. Acid,70,ACVA,69,Not reported,S+V,1,0,1,0,1,,,,,,,,,,,,
245,DOI: 10.1039/c5py00396b,Doncom 2015,Yes,DMAPS,-5.19,38,HPMA,1.1,302,13.5,7,0,Yes,Carb. Acid,70,ACVA,69,Not reported,S+V,1,0,1,0,1,,,,,,,,,,,,
246,DOI: 10.1039/c5py00396b,Doncom 2015,Yes,DMAPS,-5.19,38,HPMA,1.1,150,14,7,0,Yes,Carb. Acid,70,ACVA,69,Not reported,S,1,0,0,0,0,,,,,,,,,,,,
247,DOI: 10.1039/c5py00396b,Doncom 2015,Yes,DMAPS,-5.19,38,HPMA,1.1,189,16,7,0,Yes,Carb. Acid,70,ACVA,69,Not reported,S+W,1,1,0,0,1,,,,,,,,,,,,
248,DOI: 10.1039/c5py00396b,Doncom 2015,Yes,DMAPS,-5.19,38,HPMA,1.1,200,16,7,0,Yes,Carb. Acid,70,ACVA,69,Not reported,W,0,1,0,0,0,,,,,,,,,,,,
249,DOI: 10.1039/c5py00396b,Doncom 2015,Yes,DMAPS,-5.19,38,HPMA,1.1,213,16,7,0,Yes,Carb. Acid,70,ACVA,69,Not reported,W,0,1,0,0,0,,,,,,,,,,,,
250,DOI: 10.1039/c5py00396b,Doncom 2015,Yes,DMAPS,-5.19,38,HPMA,1.1,230,16,7,0,Yes,Carb. Acid,70,ACVA,69,Not reported,"W, V",0,1,1,0,1,,,,,,,,,,,,
251,DOI: 10.1039/c5py00396b,Doncom 2015,Yes,DMAPS,-5.19,38,HPMA,1.1,251,16,7,0,Yes,Carb. Acid,70,ACVA,69,Not reported,S+W+V,1,1,1,0,1,,,,,,,,,,,,
252,DOI: 10.1039/c5py00396b,Doncom 2015,Yes,DMAPS,-5.19,38,HPMA,1.1,270,16,7,0,Yes,Carb. Acid,70,ACVA,69,Not reported,S+V,1,0,1,0,1,,,,,,,,,,,,
253,DOI: 10.1039/c5py00396b,Doncom 2015,Yes,DMAPS,-5.19,38,HPMA,1.1,287,16,7,0,Yes,Carb. Acid,70,ACVA,69,Not reported,S+V,1,0,1,0,1,,,,,,,,,,,,
254,DOI: 10.1039/c5py00396b,Doncom 2015,Yes,DMAPS,-5.19,38,HPMA,1.1,323,16,7,0,Yes,Carb. Acid,70,ACVA,69,Not reported,S+V,1,0,1,0,1,,,,,,,,,,,,
255,DOI: 10.1039/c5py00396b,Doncom 2015,Yes,DMAPS,-5.19,38,HPMA,1.1,205,17.5,7,0,Yes,Carb. Acid,70,ACVA,69,Not reported,W,0,1,0,0,0,,,,,,,,,,,,
256,DOI: 10.1039/c5py00396b,Doncom 2015,Yes,DMAPS,-5.19,38,HPMA,1.1,217,17.5,7,0,Yes,Carb. Acid,70,ACVA,69,Not reported,W,0,1,0,0,0,,,,,,,,,,,,
257,DOI: 10.1039/c5py00396b,Doncom 2015,Yes,DMAPS,-5.19,38,HPMA,1.1,224,17.5,7,0,Yes,Carb. Acid,70,ACVA,69,Not reported,W,0,1,0,0,0,,,,,,,,,,,,
258,DOI: 10.1039/c5py00396b,Doncom 2015,Yes,DMAPS,-5.19,38,HPMA,1.1,260,17.5,7,0,Yes,Carb. Acid,70,ACVA,69,Not reported,V,0,0,1,0,0,,,,,,,,,,,,
259,DOI: 10.1039/c5py00396b,Doncom 2015,Yes,DMAPS,-5.19,38,HPMA,1.1,279,17.5,7,0,Yes,Carb. Acid,70,ACVA,69,Not reported,V,0,0,1,0,0,,,,,,,,,,,,
260,DOI: 10.1039/c5py00396b,Doncom 2015,Yes,DMAPS,-5.19,38,HPMA,1.1,281,17.5,7,0,Yes,Carb. Acid,70,ACVA,69,Not reported,V,0,0,1,0,0,,,,,,,,,,,,
261,DOI: 10.1039/c5py00396b,Doncom 2015,Yes,DMAPS,-5.19,38,HPMA,1.1,303,17.5,7,0,Yes,Carb. Acid,70,ACVA,69,Not reported,V,0,0,1,0,0,,,,,,,,,,,,
262,DOI: 10.1039/c5py00396b,Doncom 2015,Yes,DMAPS,-5.19,38,HPMA,1.1,352,17.5,7,0,Yes,Carb. Acid,70,ACVA,69,Not reported,V,0,0,1,0,0,,,,,,,,,,,,
263,DOI: 10.1039/c5py00396b,Doncom 2015,Yes,DMAPS,-5.19,38,HPMA,1.1,125,20,7,0,Yes,Carb. Acid,70,ACVA,69,Not reported,S,1,0,0,0,0,,,,,,,,,,,,
264,DOI: 10.1039/c5py00396b,Doncom 2015,Yes,DMAPS,-5.19,38,HPMA,1.1,150,20,7,0,Yes,Carb. Acid,70,ACVA,69,Not reported,S,1,0,0,0,0,,,,,,,,,,,,
265,DOI: 10.1039/c5py00396b,Doncom 2015,Yes,DMAPS,-5.19,38,HPMA,1.1,200,20,7,0,Yes,Carb. Acid,70,ACVA,69,Not reported,W,0,1,0,0,0,,,,,,,,,,,,
266,DOI: 10.1039/c5py00396b,Doncom 2015,Yes,DMAPS,-5.19,38,HPMA,1.1,223,20,7,0,Yes,Carb. Acid,70,ACVA,69,Not reported,"W, V",0,1,1,0,1,,,,,,,,,,,,
267,DOI: 10.1039/c5py00396b,Doncom 2015,Yes,DMAPS,-5.19,38,HPMA,1.1,250,20,7,0,Yes,Carb. Acid,70,ACVA,69,Not reported,"W, V",0,1,1,0,1,,,,,,,,,,,,
268,DOI: 10.1039/c5py00396b,Doncom 2015,Yes,DMAPS,-5.19,38,HPMA,1.1,310,20,7,0,Yes,Carb. Acid,70,ACVA,69,Not reported,V,0,0,1,0,0,,,,,,,,,,,,
269,DOI: 10.1039/c5py00396b,Doncom 2015,Yes,DMAPS,-5.19,38,HPMA,1.1,366,20,7,0,Yes,Carb. Acid,70,ACVA,69,Not reported,V,0,0,1,0,0,,,,,,,,,,,,
270,DOI: 10.1039/c5py00396b,Doncom 2015,Yes,DMAPS,-5.19,38,HPMA,1.1,392,20,7,0,Yes,Carb. Acid,70,ACVA,69,Not reported,V,0,0,1,0,0,,,,,,,,,,,,
271,DOI: 10.1039/c5py00396b,Doncom 2015,Yes,DMAPS,-5.19,38,HPMA,1.1,191,22.5,7,0,Yes,Carb. Acid,70,ACVA,69,Not reported,W,0,1,0,0,0,,,,,,,,,,,,
272,DOI: 10.1039/c5py00396b,Doncom 2015,Yes,DMAPS,-5.19,38,HPMA,1.1,115,25,7,0,Yes,Carb. Acid,70,ACVA,69,Not reported,W,0,1,0,0,0,,,,,,,,,,,,
273,DOI: 10.1039/c5py00396b,Doncom 2015,Yes,DMAPS,-5.19,38,HPMA,1.1,128,25,7,0,Yes,Carb. Acid,70,ACVA,69,Not reported,"S, W",1,1,0,0,1,,,,,,,,,,,,
274,DOI: 10.1039/c5py00396b,Doncom 2015,Yes,DMAPS,-5.19,38,HPMA,1.1,139,25,7,0,Yes,Carb. Acid,70,ACVA,69,Not reported,"S, W",1,1,0,0,1,,,,,,,,,,,,
275,DOI: 10.1039/c5py00396b,Doncom 2015,Yes,DMAPS,-5.19,38,HPMA,1.1,150,25,7,0,Yes,Carb. Acid,70,ACVA,69,Not reported,"S, W",1,1,0,0,1,,,,,,,,,,,,
276,DOI: 10.1039/c5py00396b,Doncom 2015,Yes,DMAPS,-5.19,38,HPMA,1.1,180,25,7,0,Yes,Carb. Acid,70,ACVA,69,Not reported,"S, W",1,1,0,0,1,,,,,,,,,,,,
277,DOI: 10.1039/c5py00396b,Doncom 2015,Yes,DMAPS,-5.19,38,HPMA,1.1,188,25,7,0,Yes,Carb. Acid,70,ACVA,69,Not reported,W,0,1,0,0,0,,,,,,,,,,,,
278,DOI: 10.1039/c5py00396b,Doncom 2015,Yes,DMAPS,-5.19,38,HPMA,1.1,196,25,7,0,Yes,Carb. Acid,70,ACVA,69,Not reported,"W, V",0,1,1,0,1,,,,,,,,,,,,
279,DOI: 10.1039/c5py00396b,Doncom 2015,Yes,DMAPS,-5.19,38,HPMA,1.1,204,25,7,0,Yes,Carb. Acid,70,ACVA,69,Not reported,"W, V",0,1,1,0,1,,,,,,,,,,,,
280,DOI: 10.1039/c5py00396b,Doncom 2015,Yes,DMAPS,-5.19,38,HPMA,1.1,221,25,7,0,Yes,Carb. Acid,70,ACVA,69,Not reported,"W, V",0,1,1,0,1,,,,,,,,,,,,
281,DOI: 10.1039/c5py00396b,Doncom 2015,Yes,DMAPS,-5.19,38,HPMA,1.1,233,25,7,0,Yes,Carb. Acid,70,ACVA,69,Not reported,"W, V",0,1,1,0,1,,,,,,,,,,,,
282,DOI: 10.1039/c5py00396b,Doncom 2015,Yes,DMAPS,-5.19,38,HPMA,1.1,240,25,7,0,Yes,Carb. Acid,70,ACVA,69,Not reported,"W, V",0,1,1,0,1,,,,,,,,,,,,
283,DOI: 10.1039/c5py00396b,Doncom 2015,Yes,DMAPS,-5.19,38,HPMA,1.1,252,25,7,0,Yes,Carb. Acid,70,ACVA,69,Not reported,V,0,0,1,0,0,,,,,,,,,,,,
284,DOI: 10.1039/c5py00396b,Doncom 2015,Yes,DMAPS,-5.19,38,HPMA,1.1,300,25,7,0,Yes,Carb. Acid,70,ACVA,69,Not reported,V,0,0,1,0,0,,,,,,,,,,,,
285,DOI: 10.1039/c5py00396b,Doncom 2015,Yes,DMAPS,-5.19,38,HPMA,1.1,400,25,7,0,Yes,Carb. Acid,70,ACVA,69,Not reported,V,0,0,1,0,0,,,,,,,,,,,,
286,DOI: 10.1039/ c5py01510c,Penfold 2016,Yes,GMA,0.09,50,HPMA,1.1,140,15,7.25,0,No,,56,AIBA,56,1.14,W,0,1,0,0,0,,,,,,,,,,,,
287,DOI: 10.1039/ c5py01510c,Penfold 2016,Yes,GMA,0.09,58,HPMA,1.1,160,15,7.25,0,No,,56,AIBA,56,1.15,W,0,1,0,0,0,,,,,,,,,,,,
288,DOI: 10.1039/c5py01577d,Williams 2016_A,Yes,2-aminoethyl methacrylate hydrochloride,-1.96,96,HPMA,1.1,300,10,6,0,Yes,Morpholine,60,AIBA,56,Not reported,S,1,0,0,0,0,,,,,,,,,,,,
289,DOI: 10.1039/c5py01577d,Williams 2016_A,Yes,2-aminoethyl methacrylate hydrochloride,-1.96,96,HPMA,1.1,400,10,6,0,Yes,Morpholine,60,AIBA,56,Not reported,S,1,0,0,0,0,,,,,,,,,,,,
290,DOI: 10.1039/c5py01577d,Williams 2016_A,Yes,2-aminoethyl methacrylate hydrochloride,-1.96,96,HPMA,1.1,500,10,6,0,Yes,Morpholine,60,AIBA,56,Not reported,S,1,0,0,0,0,,,,,,,,,,,,
291,DOI: 10.1039/c5py01577d,Williams 2016_A,Yes,2-aminoethyl methacrylate hydrochloride,-1.96,96,HPMA,1.1,600,10,6,0,Yes,Morpholine,60,AIBA,56,Not reported,S,1,0,0,0,0,,,,,,,,,,,,
292,DOI: 10.1039/c5py01577d,Williams 2016_A,Yes,2-aminoethyl methacrylate hydrochloride,-1.96,96,HPMA,1.1,700,10,6,0,Yes,Morpholine,60,AIBA,56,Not reported,S,1,0,0,0,0,,,,,,,,,,,,
293,DOI: 10.1039/c5py01577d,Williams 2016_A,Yes,2-aminoethyl methacrylate hydrochloride,-1.96,96,HPMA,1.1,800,10,6,0,Yes,Morpholine,60,AIBA,56,Not reported,S,1,0,0,0,0,,,,,,,,,,,,
294,DOI: 10.1039/c5py01577d,Williams 2016_A,Yes,2-aminoethyl methacrylate hydrochloride,-1.96,96,HPMA,1.1,900,10,6,0,Yes,Morpholine,60,AIBA,56,Not reported,S,1,0,0,0,0,,,,,,,,,,,,
295,DOI: 10.1039/c5py01577d,Williams 2016_A,Yes,2-aminoethyl methacrylate hydrochloride,-1.96,96,HPMA,1.1,1000,10,6,0,Yes,Morpholine,60,AIBA,56,Not reported,S,1,0,0,0,0,,,,,,,,,,,,
296,DOI: 10.1039/c5py01577d,Williams 2016_A,Yes,GMA,0.09,101,HPMA,1.1,1000,10,6,0,Yes,Morpholine,60,AIBA,56,Not reported,S,1,0,0,0,0,,,,,,,,,,,,
297,DOI: 10.1039/c5py01577d,Williams 2016_A,Yes,GMA,0.09,60,HPMA,1.1,200,20,6,0,Yes,Morpholine,60,AIBA,56,Not reported,W,0,1,0,0,0,,,,,,,,,,,,
298,DOI: 10.1039/c5py01577d,Williams 2016_A,Yes,GMA,0.09,60,HPMA,1.1,100,10,6,0,Yes,Morpholine,60,AIBA,56,Not reported,S,1,0,0,0,0,,,,,,,,,,,,
299,DOI: 10.1039/c6py00696e,Williams 2016_B,Yes,QDMAEMA,-2.58,26,HPMA,1.1,200,10,7,0,Yes,Carb. Acid,70,ACVA,69,Not reported,S,1,0,0,0,0,,,,,,,,,,,,
300,DOI: 10.1039/c6py00696e,Williams 2016_B,Yes,QDMAEMA,-2.58,26,HPMA,1.1,300,10,7,0,Yes,Carb. Acid,70,ACVA,69,Not reported,S,1,0,0,0,0,,,,,,,,,,,,
301,DOI: 10.1039/c6py00696e,Williams 2016_B,Yes,QDMAEMA,-2.58,26,HPMA,1.1,400,10,7,0,Yes,Carb. Acid,70,ACVA,69,Not reported,S,1,0,0,0,0,,,,,,,,,,,,
302,DOI: 10.1039/c6py00696e,Williams 2016_B,Yes,GMA,0.09,62,HPMA,1.1,100,20,7,0,Yes,Carb. Acid,70,ACVA,69,Not reported,S,1,0,0,0,0,,,,,,,,,,,,
303,DOI: 10.1039/c6py00696e,Williams 2016_B,Yes,GMA,0.09,62,HPMA,1.1,125,20,7,0,Yes,Carb. Acid,70,ACVA,69,Not reported,S,1,0,0,0,0,,,,,,,,,,,,
304,DOI: 10.1039/c6py00696e,Williams 2016_B,Yes,GMA,0.09,62,HPMA,1.1,150,20,7,0,Yes,Carb. Acid,70,ACVA,69,1.1,W,0,1,0,0,0,,,,,,,,,,,,
305,DOI: 10.1039/c6py00696e,Williams 2016_B,Yes,GMA,0.09,62,HPMA,1.1,175,20,7,0,Yes,Carb. Acid,70,ACVA,69,Not reported,W,0,1,0,0,0,,,,,,,,,,,,
306,DOI: 10.1039/c6py00696e,Williams 2016_B,Yes,GMA,0.09,62,HPMA,1.1,200,20,7,0,Yes,Carb. Acid,70,ACVA,69,Not reported,W,0,1,0,0,0,,,,,,,,,,,,
307,DOI: 10.1039/c6py00696e,Williams 2016_B,Yes,GMA,0.09,62,HPMA,1.1,225,20,7,0,Yes,Carb. Acid,70,ACVA,69,Not reported,V,0,0,1,0,0,,,,,,,,,,,,
308,DOI: 10.1039/c6py00696e,Williams 2016_B,Yes,GMA,0.09,62,HPMA,1.1,250,20,7,0,Yes,Carb. Acid,70,ACVA,69,1.13,V,0,0,1,0,0,,,,,,,,,,,,
309,DOI: 10.1039/c6py00696e,Williams 2016_B,Yes,GMA,0.09,62,HPMA,1.1,300,20,7,0,Yes,Carb. Acid,70,ACVA,69,Not reported,V,0,0,1,0,0,,,,,,,,,,,,
310,DOI: 10.1039/c6py00696e,Williams 2016_B,Yes,GMA,0.09,62,HPMA,1.1,350,20,7,0,Yes,Carb. Acid,70,ACVA,69,1.17,V,0,0,1,0,0,,,,,,,,,,,,
311,DOI: 10.1039/c6py00696e,Williams 2016_B,Yes,GMA,0.09,62,HPMA,1.1,400,20,7,0,Yes,Carb. Acid,70,ACVA,69,Not reported,V,0,0,1,0,0,,,,,,,,,,,,
312,DOI: 10.1039/c6py00696e,Williams 2016_B,Yes,GMA,0.09,63,HPMA,1.1,450,20,7,0,Yes,Carb. Acid,70,ACVA,69,1.17,V,0,0,1,0,0,,,,,,,,,,,,
313,DOI: 10.1039/c6py00696e,Williams 2016_B,Yes,GMA,0.09,64,HPMA,1.1,500,20,7,0,Yes,Carb. Acid,70,ACVA,69,Not reported,V,0,0,1,0,0,,,,,,,,,,,,
314,DOI: 10.1039/c6py01076h,Penfold 2017,Yes,GMA,0.09,43,HPMA,1.1,190,10,7.25,0,No,,56,AIBA,56,1.14,V,0,0,1,0,0,,,,,,,,,,,,
315,DOI: 10.1039/c6py01076h,Penfold 2017,Yes,GMA,0.09,43,HPMA,1.1,200,10,7.25,0,No,,56,AIBA,56,1.11,V,0,0,1,0,0,,,,,,,,,,,,
316,DOI: 10.1039/c6py01076h,Penfold 2017,Yes,GMA,0.09,43,HPMA,1.1,220,10,7.25,0,No,,56,AIBA,56,1.13,V,0,0,1,0,0,,,,,,,,,,,,
317,DOI: 10.1039/c6py01076h,Penfold 2017,Yes,GMA,0.09,43,HPMA,1.1,230,10,7.25,0,No,,56,AIBA,56,1.14,V,0,0,1,0,0,,,,,,,,,,,,
318,DOI: 10.1039/c7py01107e,Hatton 2017,Yes,GMA,0.09,45,GlyMA,1.2,100,10,5.2,0,No,,70,ACVA,69,1.34,S,1,0,0,0,0,,,,,,,,,,,,
319,DOI: 10.1039/c7py01107e,Hatton 2017,"No, replicate",GMA,0.09,45,GlyMA,1.2,100,10,5.2,0,No,,70,ACVA,69,1.39,S,1,0,0,0,0,,,,,,,,,,,,
320,DOI: 10.1039/c7py01107e,Hatton 2017,Yes,GMA,0.09,45,GlyMA,1.2,100,10,7.1,0,No,,70,ACVA,69,1.38,S,1,0,0,0,0,,,,,,,,,,,,
321,DOI: 10.1039/c7py01107e,Hatton 2017,"No, replicate",GMA,0.09,45,GlyMA,1.2,100,10,7.1,0,No,,70,ACVA,69,1.5,S,1,0,0,0,0,,,,,,,,,,,,
322,DOI: 10.1039/c7py01107e,Hatton 2017,Yes,GMA,0.09,45,GlyMA,1.2,100,10,4.5,0,No,,40,VA-044,44,1.57,S,1,0,0,0,0,,,,,,,,,,,,
323,DOI: 10.1039/c7py01107e,Hatton 2017,Yes,GMA,0.09,45,GlyMA,1.2,100,10,7.2,0,No,,40,VA-044,44,1.56,S,1,0,0,0,0,,,,,,,,,,,,
324,DOI: 10.1039/c7py01107e,Hatton 2017,Yes,GMA,0.09,45,GlyMA,1.2,100,10,4.2,0,No,,50,VA-044,44,1.22,S,1,0,0,0,0,,,,,,,,,,,,
325,DOI: 10.1039/c7py01107e,Hatton 2017,"No, replicate",GMA,0.09,45,GlyMA,1.2,100,10,4.2,0,No,,50,VA-044,44,1.3,S,1,0,0,0,0,,,,,,,,,,,,
326,DOI: 10.1039/c7py01107e,Hatton 2017,Yes,GMA,0.09,45,GlyMA,1.2,100,10,7.1,0,No,,50,VA-044,44,1.24,S,1,0,0,0,0,,,,,,,,,,,,
327,DOI: 10.1039/c7py01107e,Hatton 2017,"No, replicate",GMA,0.09,45,GlyMA,1.2,100,10,7.1,0,No,,50,VA-044,44,1.32,S,1,0,0,0,0,,,,,,,,,,,,
328,DOI: 10.1039/c7py01107e,Hatton 2017,Yes,GMA,0.09,45,GlyMA,1.2,300,10,7,0,No,,50,VA-044,44,,Precipitate,0,0,0,0,0,,,,,,,,,,,,
329,DOI: 10.1039/c7py01107e,Hatton 2017,Yes,GMA,0.09,45,GlyMA,1.2,400,10,7,0,No,,50,VA-044,44,,Precipitate,0,0,0,0,0,,,,,,,,,,,,
330,DOI: 10.1039/c7py01107e,Hatton 2017,"No, replicate",GMA,0.09,45,GlyMA,1.2,100,10,3.1,0,No,,30,tBH-Na2SO3,30,1.99,S,1,0,0,0,0,,,,,,,,,,,,
331,DOI: 10.1039/c7py01107e,Hatton 2017,Yes,GMA,0.09,45,GlyMA,1.2,100,10,3,0,No,,30,tBH-Na2SO3,30,1.85,S,1,0,0,0,0,,,,,,,,,,,,
332,DOI: 10.1039/c7py01161j,Canning 2017,Yes,DMA,0.2,53,Phenyl acrylate,1.92,50,25,7,0,Yes,Carb. Acid,30,KPS/AscAc,60,1.85,S,1,0,0,0,0,,,,,,,,,,,,
333,DOI: 10.1039/c7py01161j,Canning 2017,Yes,DMA,0.2,53,Phenyl acrylate,1.92,100,25,7,0,Yes,Carb. Acid,30,KPS/AscAc,60,2.1,S,1,0,0,0,0,,,,,,,,,,,,
334,DOI: 10.1039/c7py01161j,Canning 2017,Yes,DMA,0.2,53,Phenyl acrylate,1.92,150,25,7,0,Yes,Carb. Acid,30,KPS/AscAc,60,2.19,S,1,0,0,0,0,,,,,,,,,,,,
335,DOI: 10.1039/c7py01161j,Canning 2017,Yes,DMA,0.2,53,Phenyl acrylate,1.92,200,25,7,0,Yes,Carb. Acid,30,KPS/AscAc,60,2.22,S,1,0,0,0,0,,,,,,,,,,,,
336,DOI: 10.1039/c7py01161j,Canning 2017,Yes,DMA,0.2,53,Phenyl acrylate,1.92,300,25,7,0,Yes,Carb. Acid,30,KPS/AscAc,60,2.48,S,1,0,0,0,0,,,,,,,,,,,,
337,DOI: 10.1039/c7py01161j,Canning 2017,Yes,DMA,0.2,53,Phenyl acrylate,1.92,400,25,7,0,Yes,Carb. Acid,30,KPS/AscAc,60,2.43,S,1,0,0,0,0,,,,,,,,,,,,
338,DOI: 10.1039/c7py01161j,Canning 2017,Yes,DMA,0.2,53,Phenyl acrylate,1.92,500,25,7,0,Yes,Carb. Acid,30,KPS/AscAc,60,2.06,S,1,0,0,0,0,,,,,,,,,,,,
339,DOI: 10.1039/c8py01427b,Hatton 2019,Yes,GMA,0.09,25,GlyMA,1.2,25,15,2.75,0,No,Carb. Acid,50,VA-044,44,1.21,S,1,0,0,0,0,,,,,,,,,,,,
340,DOI: 10.1039/c8py01427b,Hatton 2019,Yes,GMA,0.09,25,GlyMA,1.2,40,15,2.75,0,No,Carb. Acid,50,VA-044,44,1.21,W,0,1,0,0,0,,,,,,,,,,,,
341,DOI: 10.1039/c8py01427b,Hatton 2019,Yes,GMA,0.09,25,GlyMA,1.2,45,15,2.75,0,No,Carb. Acid,50,VA-044,44,1.23,W,0,1,0,0,0,,,,,,,,,,,,
342,DOI: 10.1039/c8py01427b,Hatton 2019,Yes,GMA,0.09,25,GlyMA,1.2,50,15,2.75,0,No,Carb. Acid,50,VA-044,44,1.27,W+V,0,1,1,0,1,,,,,,,,,,,,
343,DOI: 10.1039/c8py01427b,Hatton 2019,Yes,GMA,0.09,25,GlyMA,1.2,55,15,2.75,0,No,Carb. Acid,50,VA-044,44,1.27,W+V,0,1,1,0,1,,,,,,,,,,,,
344,DOI: 10.1039/c8py01427b,Hatton 2019,Yes,GMA,0.09,25,GlyMA,1.2,60,15,2.75,0,No,Carb. Acid,50,VA-044,44,1.26,W+V,0,1,1,0,1,,,,,,,,,,,,
345,DOI: 10.1039/c8py01619d,Gibson 2019,Yes,N-(2-(Methacryloyloxy)ethyl pyrrolidone ,1.12,42,HPMA,1.1,150,20,7,0,Yes,Carb. Acid,44,VA-044,44,1.3,Ill-defined,0,0,0,1,0,,,,,,,,,,,,
346,DOI: 10.1039/c8py01619d,Gibson 2019,Yes,N-(2-(Methacryloyloxy)ethyl pyrrolidone ,1.12,42,HPMA,1.1,200,20,7,0,Yes,Carb. Acid,44,VA-044,44,1.32,Ill-defined,0,0,0,1,0,,,,,,,,,,,,
347,DOI: 10.1039/c8py01619d,Gibson 2019,Yes,N-(2-(Methacryloyloxy)ethyl pyrrolidone ,1.12,42,HPMA,1.1,250,20,7,0,Yes,Carb. Acid,44,VA-044,44,1.43,S,1,0,0,0,0,,,,,,,,,,,,
348,DOI: 10.1039/c8py01619d,Gibson 2019,Yes,N-(2-(Methacryloyloxy)ethyl pyrrolidone ,1.12,42,HPMA,1.1,300,20,7,0,Yes,Carb. Acid,44,VA-044,44,1.44,S,1,0,0,0,0,,,,,,,,,,,,
349,DOI: 10.1039/c8py01619d,Gibson 2019,Yes,N-(2-(Methacryloyloxy)ethyl pyrrolidone ,1.12,42,HPMA,1.1,350,20,7,0,Yes,Carb. Acid,44,VA-044,44,1.44,S,1,0,0,0,0,,,,,,,,,,,,
350,DOI: 10.1039/c8py01619d,Gibson 2019,Yes,N-(2-(Methacryloyloxy)ethyl pyrrolidone ,1.12,42,HPMA,1.1,400,20,7,0,Yes,Carb. Acid,44,VA-044,44,1.59,S,1,0,0,0,0,,,,,,,,,,,,
351,DOI: 10.1039/c8py01619d,Gibson 2019,Yes,N-(2-(Methacryloyloxy)ethyl pyrrolidone ,1.12,53,Ethylene glycol ethyl ether methacrylate,1.54,100,20,7,0,Yes,Carb. Acid,44,VA-044,44,1.31,S,1,0,0,0,0,,,,,,,,,,,,
352,DOI: 10.1039/c8py01619d,Gibson 2019,Yes,N-(2-(Methacryloyloxy)ethyl pyrrolidone ,1.12,53,Ethylene glycol ethyl ether methacrylate,1.54,200,20,7,0,Yes,Carb. Acid,44,VA-044,44,1.49,S,1,0,0,0,0,,,,,,,,,,,,
353,DOI: 10.1039/c8py01619d,Gibson 2019,Yes,N-(2-(Methacryloyloxy)ethyl pyrrolidone ,1.12,53,Ethylene glycol ethyl ether methacrylate,1.54,300,20,7,0,Yes,Carb. Acid,44,VA-044,44,1.63,S,1,0,0,0,0,,,,,,,,,,,,
354,DOI: 10.1039/c8py01619d,Gibson 2019,Yes,N-(2-(Methacryloyloxy)ethyl pyrrolidone ,1.12,53,Ethylene glycol ethyl ether methacrylate,1.54,400,20,7,0,Yes,Carb. Acid,44,VA-044,44,1.72,S,1,0,0,0,0,,,,,,,,,,,,
355,DOI: 10.1039/c8py01619d,Gibson 2019,Yes,N-(2-(Methacryloyloxy)ethyl pyrrolidone ,1.12,53,Ethylene glycol ethyl ether methacrylate,1.54,500,20,7,0,Yes,Carb. Acid,44,VA-044,44,1.73,S,1,0,0,0,0,,,,,,,,,,,,
356,DOI: 10.1039/c8py01619d,Gibson 2019,Yes,N-(2-(Methacryloyloxy)ethyl pyrrolidone ,1.12,53,Ethylene glycol ethyl ether methacrylate,1.54,600,20,7,0,Yes,Carb. Acid,44,VA-044,44,1.96,S,1,0,0,0,0,,,,,,,,,,,,
357,dx.doi.org/10.1021/ja205887v ,Sugihara 2011_B,Yes,MPC,-5.27,25,HPMA,1.1,98,10,7,0,Yes,Carb. Acid,70,V-501,69,1.23,S,1,0,0,0,0,,,,,,,,,,,,
358,dx.doi.org/10.1021/ja205887v ,Sugihara 2011_B,Yes,MPC,-5.27,25,HPMA,1.1,101,15,7,0,Yes,Carb. Acid,70,V-501,69,1.27,S,1,0,0,0,0,,,,,,,,,,,,
359,dx.doi.org/10.1021/ja205887v ,Sugihara 2011_B,Yes,MPC,-5.27,25,HPMA,1.1,100,20,7,0,Yes,Carb. Acid,70,V-501,69,1.27,S,1,0,0,0,0,,,,,,,,,,,,
360,dx.doi.org/10.1021/ja205887v ,Sugihara 2011_B,Yes,MPC,-5.27,25,HPMA,1.1,99,25,7,0,Yes,Carb. Acid,70,V-501,69,1.23,S,1,0,0,0,0,,,,,,,,,,,,
361,dx.doi.org/10.1021/ja205887v ,Sugihara 2011_B,Yes,MPC,-5.27,25,HPMA,1.1,152,10,7,0,Yes,Carb. Acid,70,V-501,69,1.23,S,1,0,0,0,0,,,,,,,,,,,,
362,dx.doi.org/10.1021/ja205887v ,Sugihara 2011_B,Yes,MPC,-5.27,25,HPMA,1.1,151,15,7,0,Yes,Carb. Acid,70,V-501,69,1.24,S,1,0,0,0,0,,,,,,,,,,,,
363,dx.doi.org/10.1021/ja205887v ,Sugihara 2011_B,Yes,MPC,-5.27,25,HPMA,1.1,152,20,7,0,Yes,Carb. Acid,70,V-501,69,1.25,S,1,0,0,0,0,,,,,,,,,,,,
364,dx.doi.org/10.1021/ja205887v ,Sugihara 2011_B,Yes,MPC,-5.27,25,HPMA,1.1,148,25,7,0,Yes,Carb. Acid,70,V-501,69,1.22,S,1,0,0,0,0,,,,,,,,,,,,
365,dx.doi.org/10.1021/ja205887v ,Sugihara 2011_B,Yes,MPC,-5.27,25,HPMA,1.1,200,10,7,0,Yes,Carb. Acid,70,V-501,69,1.36,S,1,0,0,0,0,,,,,,,,,,,,
366,dx.doi.org/10.1021/ja205887v ,Sugihara 2011_B,Yes,MPC,-5.27,25,HPMA,1.1,201,15,7,0,Yes,Carb. Acid,70,V-501,69,1.35,S,1,0,0,0,0,,,,,,,,,,,,
367,dx.doi.org/10.1021/ja205887v ,Sugihara 2011_B,Yes,MPC,-5.27,25,HPMA,1.1,202,20,7,0,Yes,Carb. Acid,70,V-501,69,1.38,S,1,0,0,0,0,,,,,,,,,,,,
368,dx.doi.org/10.1021/ja205887v ,Sugihara 2011_B,Yes,MPC,-5.27,25,HPMA,1.1,207,25,7,0,Yes,Carb. Acid,70,V-501,69,1.33,S+W,1,1,0,0,1,,,,,,,,,,,,
369,dx.doi.org/10.1021/ja205887v ,Sugihara 2011_B,Yes,MPC,-5.27,25,HPMA,1.1,220,25,7,0,Yes,Carb. Acid,70,V-501,69,1.38,W,0,1,0,0,0,,,,,,,,,,,,
370,dx.doi.org/10.1021/ja205887v ,Sugihara 2011_B,Yes,MPC,-5.27,25,HPMA,1.1,251,10,7,0,Yes,Carb. Acid,70,V-501,69,1.27,S,1,0,0,0,0,,,,,,,,,,,,
371,dx.doi.org/10.1021/ja205887v ,Sugihara 2011_B,Yes,MPC,-5.27,25,HPMA,1.1,255,13,7,0,Yes,Carb. Acid,70,V-501,69,1.26,S,1,0,0,0,0,,,,,,,,,,,,
372,dx.doi.org/10.1021/ja205887v ,Sugihara 2011_B,Yes,MPC,-5.27,25,HPMA,1.1,251,15,7,0,Yes,Carb. Acid,70,V-501,69,1.29,S+W,1,1,0,0,1,,,,,,,,,,,,
373,dx.doi.org/10.1021/ja205887v ,Sugihara 2011_B,Yes,MPC,-5.27,25,HPMA,1.1,256,20,7,0,Yes,Carb. Acid,70,V-501,69,1.29,S+W,1,1,0,0,1,,,,,,,,,,,,
374,dx.doi.org/10.1021/ja205887v ,Sugihara 2011_B,Yes,MPC,-5.27,25,HPMA,1.1,278,25,7,0,Yes,Carb. Acid,70,V-501,69,1.29,W,0,1,0,0,0,,,,,,,,,,,,
375,dx.doi.org/10.1021/ja205887v ,Sugihara 2011_B,Yes,MPC,-5.27,25,HPMA,1.1,301,10,7,0,Yes,Carb. Acid,70,V-501,69,1.56,S,1,0,0,0,0,,,,,,,,,,,,
376,dx.doi.org/10.1021/ja205887v ,Sugihara 2011_B,Yes,MPC,-5.27,25,HPMA,1.1,294,15,7,0,Yes,Carb. Acid,70,V-501,69,1.49,S+W,1,1,0,0,1,,,,,,,,,,,,
377,dx.doi.org/10.1021/ja205887v ,Sugihara 2011_B,Yes,MPC,-5.27,25,HPMA,1.1,298,20,7,0,Yes,Carb. Acid,70,V-501,69,1.5,S+W,1,1,0,0,1,,,,,,,,,,,,
378,dx.doi.org/10.1021/ja205887v ,Sugihara 2011_B,Yes,MPC,-5.27,25,HPMA,1.1,299,25,7,0,Yes,Carb. Acid,70,V-501,69,1.48,W+V,0,1,1,0,1,,,,,,,,,,,,
379,dx.doi.org/10.1021/ja205887v ,Sugihara 2011_B,Yes,MPC,-5.27,25,HPMA,1.1,321,25,7,0,Yes,Carb. Acid,70,V-501,69,1.56,W+V,0,1,1,0,1,,,,,,,,,,,,
380,dx.doi.org/10.1021/ja205887v ,Sugihara 2011_B,Yes,MPC,-5.27,25,HPMA,1.1,354,10,7,0,Yes,Carb. Acid,70,V-501,69,1.42,S,1,0,0,0,0,,,,,,,,,,,,
381,dx.doi.org/10.1021/ja205887v ,Sugihara 2011_B,Yes,MPC,-5.27,25,HPMA,1.1,351,15,7,0,Yes,Carb. Acid,70,V-501,69,1.44,S+W,1,1,0,0,1,,,,,,,,,,,,
382,dx.doi.org/10.1021/ja205887v ,Sugihara 2011_B,Yes,MPC,-5.27,25,HPMA,1.1,349,20,7,0,Yes,Carb. Acid,70,V-501,69,1.46,W,0,1,0,0,0,,,,,,,,,,,,
383,dx.doi.org/10.1021/ja205887v ,Sugihara 2011_B,Yes,MPC,-5.27,25,HPMA,1.1,372,25,7,0,Yes,Carb. Acid,70,V-501,69,1.61,V,0,0,1,0,0,,,,,,,,,,,,
384,dx.doi.org/10.1021/ja205887v ,Sugihara 2011_B,Yes,MPC,-5.27,25,HPMA,1.1,397,10,7,0,Yes,Carb. Acid,70,V-501,69,1.67,S,1,0,0,0,0,,,,,,,,,,,,
385,dx.doi.org/10.1021/ja205887v ,Sugihara 2011_B,Yes,MPC,-5.27,25,HPMA,1.1,395,12.5,7,0,Yes,Carb. Acid,70,V-501,69,1.73,S+W,1,1,0,0,1,,,,,,,,,,,,
386,dx.doi.org/10.1021/ja205887v ,Sugihara 2011_B,Yes,MPC,-5.27,25,HPMA,1.1,401,15,7,0,Yes,Carb. Acid,70,V-501,69,1.66,S+W,1,1,0,0,1,,,,,,,,,,,,
387,dx.doi.org/10.1021/ja205887v ,Sugihara 2011_B,Yes,MPC,-5.27,25,HPMA,1.1,399,16.2,7,0,Yes,Carb. Acid,70,V-501,69,1.38,W,0,1,0,0,0,,,,,,,,,,,,
388,dx.doi.org/10.1021/ja205887v ,Sugihara 2011_B,Yes,MPC,-5.27,25,HPMA,1.1,399,17.5,7,0,Yes,Carb. Acid,70,V-501,69,1.39,W+V,0,1,1,0,1,,,,,,,,,,,,
389,dx.doi.org/10.1021/ja205887v ,Sugihara 2011_B,Yes,MPC,-5.27,25,HPMA,1.1,401,20,7,0,Yes,Carb. Acid,70,V-501,69,1.69,W+V,0,1,1,0,1,,,,,,,,,,,,
390,dx.doi.org/10.1021/ja205887v ,Sugihara 2011_B,Yes,MPC,-5.27,25,HPMA,1.1,398,22.5,7,0,Yes,Carb. Acid,70,V-501,69,1.51,V,0,0,1,0,0,,,,,,,,,,,,
391,dx.doi.org/10.1021/ja205887v ,Sugihara 2011_B,Yes,MPC,-5.27,25,HPMA,1.1,401,23,7,0,Yes,Carb. Acid,70,V-501,69,1.71,V,0,0,1,0,0,,,,,,,,,,,,
392,dx.doi.org/10.1021/ja205887v ,Sugihara 2011_B,Yes,MPC,-5.27,25,HPMA,1.1,398,25,7,0,Yes,Carb. Acid,70,V-501,69,1.7,V,0,0,1,0,0,,,,,,,,,,,,
393,dx.doi.org/10.1021/ja410593n,Warren 2014,Yes,PEG,0.16,113,HPMA,1.1,100,5,7,0,No,,50,VA-044,44,1.21,S,1,0,0,0,0,,,,,,,,,,,,
394,dx.doi.org/10.1021/ja410593n,Warren 2014,Yes,PEG,0.16,113,HPMA,1.1,200,5,7,0,No,,50,VA-044,44,1.23,S+W+V,1,1,1,0,1,,,,,,,,,,,,
395,dx.doi.org/10.1021/ja410593n,Warren 2014,Yes,PEG,0.16,113,HPMA,1.1,300,5,7,0,No,,50,VA-044,44,1.24,S+V,1,0,1,0,1,,,,,,,,,,,,
396,dx.doi.org/10.1021/ja410593n,Warren 2014,Yes,PEG,0.16,113,HPMA,1.1,400,5,7,0,No,,50,VA-044,44,1.26,S+V,1,0,1,0,1,,,,,,,,,,,,
397,dx.doi.org/10.1021/ja410593n,Warren 2014,Yes,PEG,0.16,113,HPMA,1.1,200,7.5,7,0,No,,50,VA-044,44,1.13,W,0,1,0,0,0,,,,,,,,,,,,
398,dx.doi.org/10.1021/ja410593n,Warren 2014,Yes,PEG,0.16,113,HPMA,1.1,300,7.5,7,0,No,,50,VA-044,44,1.12,V,0,0,1,0,0,,,,,,,,,,,,
399,dx.doi.org/10.1021/ja410593n,Warren 2014,"No, replicate, published in Penfold 2019",PEG,0.16,113,HPMA,1.1,100,10,7,0,No,,50,VA-044,44,1.17,S,1,0,0,0,0,,,,,,,,,,,,
400,dx.doi.org/10.1021/ja410593n,Warren 2014,"No, replicate, published in Penfold 2019",PEG,0.16,113,HPMA,1.1,150,10,7,0,No,,50,VA-044,44,1.19,S,1,0,0,0,0,,,,,,,,,,,,
401,dx.doi.org/10.1021/ja410593n,Warren 2014,Yes,PEG,0.16,113,HPMA,1.1,180,10,7,0,No,,50,VA-044,44,1.2,S+W,1,1,0,0,1,,,,,,,,,,,,
402,dx.doi.org/10.1021/ja410593n,Warren 2014,"No, replicate, published in Penfold 2019",PEG,0.16,113,HPMA,1.1,200,10,7,0,No,,50,VA-044,44,1.19,W,0,1,0,0,0,,,,,,,,,,,,
403,dx.doi.org/10.1021/ja410593n,Warren 2014,Yes,PEG,0.16,113,HPMA,1.1,220,10,7,0,No,,50,VA-044,44,1.16,W,0,1,0,0,0,,,,,,,,,,,,
404,dx.doi.org/10.1021/ja410593n,Warren 2014,"No, replicate, published in Penfold 2019",PEG,0.16,113,HPMA,1.1,250,10,7,0,No,,50,VA-044,44,1.22,W+V,0,1,1,0,1,,,,,,,,,,,,
405,dx.doi.org/10.1021/ja410593n,Warren 2014,"No, replicate, published in Penfold 2019",PEG,0.16,113,HPMA,1.1,300,10,7,0,No,,50,VA-044,44,1.39,V,0,0,1,0,0,,,,,,,,,,,,
406,dx.doi.org/10.1021/ja410593n,Warren 2014,Yes,PEG,0.16,113,HPMA,1.1,400,10,7,0,No,,50,VA-044,44,1.78,V,0,0,1,0,0,,,,,,,,,,,,
407,dx.doi.org/10.1021/ja410593n,Warren 2014,Yes,PEG,0.16,113,HPMA,1.1,180,12.5,7,0,No,,50,VA-044,44,1.22,S+W,1,1,0,0,1,,,,,,,,,,,,
408,dx.doi.org/10.1021/ja410593n,Warren 2014,Yes,PEG,0.16,113,HPMA,1.1,200,12.5,7,0,No,,50,VA-044,44,1.23,W,0,1,0,0,0,,,,,,,,,,,,
409,dx.doi.org/10.1021/ja410593n,Warren 2014,Yes,PEG,0.16,113,HPMA,1.1,100,15,7,0,No,,50,VA-044,44,1.17,S,1,0,0,0,0,,,,,,,,,,,,
410,dx.doi.org/10.1021/ja410593n,Warren 2014,Yes,PEG,0.16,113,HPMA,1.1,150,15,7,0,No,,50,VA-044,44,1.18,S,1,0,0,0,0,,,,,,,,,,,,
411,dx.doi.org/10.1021/ja410593n,Warren 2014,Yes,PEG,0.16,113,HPMA,1.1,180,15,7,0,No,,50,VA-044,44,1.2,W,0,1,0,0,0,,,,,,,,,,,,
412,dx.doi.org/10.1021/ja410593n,Warren 2014,Yes,PEG,0.16,113,HPMA,1.1,200,15,7,0,No,,50,VA-044,44,1.19,W,0,1,0,0,0,,,,,,,,,,,,
413,dx.doi.org/10.1021/ja410593n,Warren 2014,Yes,PEG,0.16,113,HPMA,1.1,220,15,7,0,No,,50,VA-044,44,1.29,W+V,0,1,1,0,1,,,,,,,,,,,,
414,dx.doi.org/10.1021/ja410593n,Warren 2014,Yes,PEG,0.16,113,HPMA,1.1,250,15,7,0,No,,50,VA-044,44,1.3,W+V,0,1,1,0,1,,,,,,,,,,,,
415,dx.doi.org/10.1021/ja410593n,Warren 2014,Yes,PEG,0.16,113,HPMA,1.1,300,15,7,0,No,,50,VA-044,44,1.32,V,0,0,1,0,0,,,,,,,,,,,,
416,dx.doi.org/10.1021/ja410593n,Warren 2014,Yes,PEG,0.16,113,HPMA,1.1,400,15,7,0,No,,50,VA-044,44,1.86,V,0,0,1,0,0,,,,,,,,,,,,
417,dx.doi.org/10.1021/ja410593n,Warren 2014,Yes,PEG,0.16,113,HPMA,1.1,200,17.5,7,0,No,,50,VA-044,44,1.21,W,0,1,0,0,0,,,,,,,,,,,,
418,dx.doi.org/10.1021/ja410593n,Warren 2014,Yes,PEG,0.16,113,HPMA,1.1,220,17.5,7,0,No,,50,VA-044,44,1.28,W+V,0,1,1,0,1,,,,,,,,,,,,
419,dx.doi.org/10.1021/ja410593n,Warren 2014,Yes,PEG,0.16,113,HPMA,1.1,300,17.5,7,0,No,,50,VA-044,44,1.38,V,0,0,1,0,0,,,,,,,,,,,,
420,dx.doi.org/10.1021/ja410593n,Warren 2014,Yes,PEG,0.16,113,HPMA,1.1,100,20,7,0,No,,50,VA-044,44,1.22,S,1,0,0,0,0,,,,,,,,,,,,
421,dx.doi.org/10.1021/ja410593n,Warren 2014,Yes,PEG,0.16,113,HPMA,1.1,150,20,7,0,No,,50,VA-044,44,1.24,S+W,1,1,0,0,1,,,,,,,,,,,,
422,dx.doi.org/10.1021/ja410593n,Warren 2014,Yes,PEG,0.16,113,HPMA,1.1,180,20,7,0,No,,50,VA-044,44,1.31,W,0,1,0,0,0,,,,,,,,,,,,
423,dx.doi.org/10.1021/ja410593n,Warren 2014,Yes,PEG,0.16,113,HPMA,1.1,200,20,7,0,No,,50,VA-044,44,1.33,W+V+L,0,1,1,1,1,,,,,,,,,,,,
424,dx.doi.org/10.1021/ja410593n,Warren 2014,Yes,PEG,0.16,113,HPMA,1.1,220,20,7,0,No,,50,VA-044,44,1.38,V,0,0,1,0,0,,,,,,,,,,,,
425,dx.doi.org/10.1021/ja410593n,Warren 2014,Yes,PEG,0.16,113,HPMA,1.1,250,20,7,0,No,,50,VA-044,44,1.84,V+L,0,0,1,1,1,,,,,,,,,,,,
426,dx.doi.org/10.1021/ja410593n,Warren 2014,Yes,PEG,0.16,113,HPMA,1.1,300,20,7,0,No,,50,VA-044,44,3.8,V+L,0,0,1,1,1,,,,,,,,,,,,
427,dx.doi.org/10.1021/ja410593n,Warren 2014,Yes,PEG,0.16,113,HPMA,1.1,400,20,7,0,No,,50,VA-044,44,18.67,Precipitate ,0,0,0,0,0,,,,,,,,,,,,
428,DOI:10.1021/ja511423m ,Warren 2015,Yes,GMA,0.09,55,HPMA,1.1,200,10,7,0,No,,70,ACVA,69,1.2,V,0,0,1,0,0,,,,,,,,,,,,
429,DOI:10.1021/ja511423m ,Warren 2015,Yes,GMA,0.09,55,HPMA,1.1,300,10,7,0,No,,70,ACVA,69,1.09,V,0,0,1,0,0,,,,,,,,,,,,
430,DOI:10.1021/ja511423m ,Warren 2015,Yes,GMA,0.09,55,HPMA,1.1,400,10,7,0,No,,70,ACVA,69,1.14,V,0,0,1,0,0,,,,,,,,,,,,
431,DOI:10.1021/ja511423m ,Warren 2015,Yes,GMA,0.09,55,HPMA,1.1,500,10,7,0,No,,70,ACVA,69,1.18,V,0,0,1,0,0,,,,,,,,,,,,
432,DOI:10.1021/ja511423m ,Warren 2015,Yes,GMA,0.09,55,HPMA,1.1,600,10,7,0,No,,70,ACVA,69,1.31,V,0,0,1,0,0,,,,,,,,,,,,
433,DOI:10.1021/ja511423m ,Warren 2015,Yes,GMA,0.09,55,HPMA,1.1,700,10,7,0,No,,70,ACVA,69,1.29,V,0,0,1,0,0,,,,,,,,,,,,
434,DOI:10.1021/ja511423m ,Warren 2015,Yes,GMA,0.09,55,HPMA,1.1,800,10,7,0,No,,70,ACVA,69,1.39,V,0,0,1,0,0,,,,,,,,,,,,
435,DOI:10.1021/ja511423m ,Warren 2015,Yes,GMA,0.09,55,HPMA,1.1,1000,10,7,0,No,,70,ACVA,69,1.43,V,0,0,1,0,0,,,,,,,,,,,,
436,DOI:10.1021/ja511423m ,Warren 2015,Yes,GMA,0.09,55,HPMA,1.1,1320,10,7,0,No,,70,ACVA,69,1.58,Precipitate,0,0,0,0,0,,,,,,,,,,,,
437,DOI:10.1021/ja511423m ,Warren 2015,Yes,GMA,0.09,55,HPMA,1.1,1500,10,7,0,No,,70,ACVA,69,,Precipitate,0,0,0,0,0,,,,,,,,,,,,
438,DOI:10.1021/ja511423m ,Warren 2015,Yes,GMA,0.09,55,HPMA,1.1,1800,10,7,0,No,,70,ACVA,69,2.96,Precipitate,0,0,0,0,0,,,,,,,,,,,,
439,DOI:10.1021/ja511423m ,Warren 2015,Yes,GMA,0.09,55,HPMA,1.1,2000,10,7,0,No,,70,ACVA,69,,Precipitate,0,0,0,0,0,,,,,,,,,,,,
440,DOI:10.1021/jacs.5b10415 ,Mable 2015,Yes,GMA,0.09,58,HPMA,1.1,250,10,7,0,No,,70,ACVA,69,1.12,V,0,0,1,0,0,,,,,,,,,,,,
441,DOI:10.1021/jacs.9b06788 ,Brotherton 2019,Yes,GMA,0.09,29,2-methoxyethyl methacrylate,1.16,30,10,3.5,0,No,,70,ACVA,69,1.21,S,1,0,0,0,0,,,,,,,,,,,,
442,DOI:10.1021/jacs.9b06788 ,Brotherton 2019,Yes,GMA,0.09,29,2-methoxyethyl methacrylate,1.16,35,10,3.5,0,No,,70,ACVA,69,1.12,S,1,0,0,0,0,,,,,,,,,,,,
443,DOI:10.1021/jacs.9b06788 ,Brotherton 2019,Yes,GMA,0.09,29,2-methoxyethyl methacrylate,1.16,38,10,3.5,0,No,,70,ACVA,69,1.12,S,1,0,0,0,0,,,,,,,,,,,,
444,DOI:10.1021/jacs.9b06788 ,Brotherton 2019,Yes,GMA,0.09,29,2-methoxyethyl methacrylate,1.16,43,10,3.5,0,No,,70,ACVA,69,1.12,W,0,1,0,0,0,,,,,,,,,,,,
445,DOI:10.1021/jacs.9b06788 ,Brotherton 2019,"No, phases ill defined",GMA,0.09,29,2-methoxyethyl methacrylate,1.16,47,10,3.5,0,No,,70,ACVA,69,1.12,Mixed,0,0,0,0,1,,,,,,,,,,,,
446,DOI:10.1021/jacs.9b06788 ,Brotherton 2019,"No, phases ill defined",GMA,0.09,29,2-methoxyethyl methacrylate,1.16,48,10,3.5,0,No,,70,ACVA,69,1.12,Mixed,0,0,0,0,1,,,,,,,,,,,,
447,DOI:10.1021/jacs.9b06788 ,Brotherton 2019,"No, phases ill defined",GMA,0.09,29,2-methoxyethyl methacrylate,1.16,53,10,3.5,0,No,,70,ACVA,69,1.13,Mixed,0,0,0,0,1,,,,,,,,,,,,
448,DOI:10.1021/jacs.9b06788 ,Brotherton 2019,Yes,GMA,0.09,29,2-methoxyethyl methacrylate,1.16,58,10,3.5,0,No,,70,ACVA,69,1.12,W+V+J,0,1,1,1,1,,,,,,,,,,,,
449,DOI:10.1021/jacs.9b06788 ,Brotherton 2019,"No, phases ill defined",GMA,0.09,29,2-methoxyethyl methacrylate,1.16,68,10,3.5,0,No,,70,ACVA,69,1.11,Mixed,0,0,0,0,1,,,,,,,,,,,,
450,DOI:10.1021/jacs.9b06788 ,Brotherton 2019,Yes,GMA,0.09,29,2-methoxyethyl methacrylate,1.16,70,10,3.5,0,No,,70,ACVA,69,1.14,V,0,0,1,0,0,,,,,,,,,,,,
451,DOI:10.1021/jacs.9b06788 ,Brotherton 2019,Yes,GMA,0.09,29,2-methoxyethyl methacrylate,1.16,74,10,3.5,0,No,,70,ACVA,69,1.13,V,0,0,1,0,0,,,,,,,,,,,,
452,DOI:10.1021/jacs.9b06788 ,Brotherton 2019,Yes,GMA,0.09,29,2-methoxyethyl methacrylate,1.16,78,10,3.5,0,No,,70,ACVA,69,1.13,V,0,0,1,0,0,,,,,,,,,,,,
453,DOI:10.1021/jacs.9b06788 ,Brotherton 2019,Yes,GMA,0.09,29,2-methoxyethyl methacrylate,1.16,84,10,3.5,0,No,,70,ACVA,69,1.11,V,0,0,1,0,0,,,,,,,,,,,,
454,DOI:10.1021/jacs.9b06788 ,Brotherton 2019,Yes,GMA,0.09,29,2-methoxyethyl methacrylate,1.16,89,10,3.5,0,No,,70,ACVA,69,1.12,V,0,0,1,0,0,,,,,,,,,,,,
455,DOI:10.1021/jacs.9b06788 ,Brotherton 2019,Yes,GMA,0.09,29,2-methoxyethyl methacrylate,1.16,38,15,3.5,0,No,,70,ACVA,69,1.15,W,0,1,0,0,0,,,,,,,,,,,,
456,DOI:10.1021/jacs.9b06788 ,Brotherton 2019,Yes,GMA,0.09,29,2-methoxyethyl methacrylate,1.16,43,15,3.5,0,No,,70,ACVA,69,1.15,W,0,1,0,0,0,,,,,,,,,,,,
457,DOI:10.1021/jacs.9b06788 ,Brotherton 2019,Yes,GMA,0.09,29,2-methoxyethyl methacrylate,1.16,50,15,3.5,0,No,,70,ACVA,69,1.12,Mixed,0,1,0,0,0,,,,,,,,,,,,
458,DOI:10.1021/jacs.9b06788 ,Brotherton 2019,"No, phases ill defined",GMA,0.09,29,2-methoxyethyl methacrylate,1.16,58,15,3.5,0,No,,70,ACVA,69,1.12,Mixed,0,0,0,0,1,,,,,,,,,,,,
459,DOI:10.1021/jacs.9b06788 ,Brotherton 2019,"No, phases ill defined",GMA,0.09,29,2-methoxyethyl methacrylate,1.16,70,15,3.5,0,No,,70,ACVA,69,1.12,Mixed,0,0,0,0,1,,,,,,,,,,,,
460,DOI:10.1021/jacs.9b06788 ,Brotherton 2019,Yes,GMA,0.09,29,2-methoxyethyl methacrylate,1.16,84,15,3.5,0,No,,70,ACVA,69,1.15,V,0,0,1,0,0,,,,,,,,,,,,
461,DOI:10.1021/jacs.9b06788 ,Brotherton 2019,Yes,GMA,0.09,29,2-methoxyethyl methacrylate,1.16,36,20,3.5,0,No,,70,ACVA,69,1.1,S,1,0,0,0,0,,,,,,,,,,,,
462,DOI:10.1021/jacs.9b06788 ,Brotherton 2019,Yes,GMA,0.09,29,2-methoxyethyl methacrylate,1.16,41,20,3.5,0,No,,70,ACVA,69,1.12,S,1,0,0,0,0,,,,,,,,,,,,
463,DOI:10.1021/jacs.9b06788 ,Brotherton 2019,Yes,GMA,0.09,29,2-methoxyethyl methacrylate,1.16,45,20,3.5,0,No,,70,ACVA,69,1.15,W,0,1,0,0,0,,,,,,,,,,,,
464,DOI:10.1021/jacs.9b06788 ,Brotherton 2019,Yes,GMA,0.09,29,2-methoxyethyl methacrylate,1.16,50,20,3.5,0,No,,70,ACVA,69,1.12,W,0,1,0,0,0,,,,,,,,,,,,
465,DOI:10.1021/jacs.9b06788 ,Brotherton 2019,"No, phases ill defined",GMA,0.09,29,2-methoxyethyl methacrylate,1.16,54,20,3.5,0,No,,70,ACVA,69,1.1,Mixed,0,0,0,0,1,,,,,,,,,,,,
466,DOI:10.1021/jacs.9b06788 ,Brotherton 2019,"No, phases ill defined",GMA,0.09,29,2-methoxyethyl methacrylate,1.16,63,20,3.5,0,No,,70,ACVA,69,1.17,Mixed,0,0,0,0,1,,,,,,,,,,,,
467,DOI:10.1021/jacs.9b06788 ,Brotherton 2019,"No, phases ill defined",GMA,0.09,29,2-methoxyethyl methacrylate,1.16,72,20,3.5,0,No,,70,ACVA,69,1.15,Mixed,0,0,0,0,1,,,,,,,,,,,,
468,DOI:10.1021/jacs.9b06788 ,Brotherton 2019,"No, phases ill defined",GMA,0.09,29,2-methoxyethyl methacrylate,1.16,81,20,3.5,0,No,,70,ACVA,69,1.16,Mixed,0,0,0,0,1,,,,,,,,,,,,
469,DOI:10.1021/jacs.9b06788 ,Brotherton 2019,"No, phases ill defined",GMA,0.09,29,2-methoxyethyl methacrylate,1.16,90,20,3.5,0,No,,70,ACVA,69,1.13,Mixed,0,0,0,0,1,,,,,,,,,,,,
470,DOI:10.1021/jacs.9b06788 ,Brotherton 2019,Yes,GMA,0.09,29,2-methoxyethyl methacrylate,1.16,95,20,3.5,0,No,,70,ACVA,69,1.11,V,0,0,1,0,0,,,,,,,,,,,,
471,DOI:10.1021/jacs.9b06788 ,Brotherton 2019,Yes,GMA,0.09,29,2-methoxyethyl methacrylate,1.16,100,20,3.5,0,No,,70,ACVA,69,1.15,V,0,0,1,0,0,,,,,,,,,,,,
472,DOI:10.1021/jacs.9b06788 ,Brotherton 2019,Yes,GMA,0.09,29,2-methoxyethyl methacrylate,1.16,36,30,3.5,0,No,,70,ACVA,69,1.12,S,1,0,0,0,0,,,,,,,,,,,,
473,DOI:10.1021/jacs.9b06788 ,Brotherton 2019,Yes,GMA,0.09,29,2-methoxyethyl methacrylate,1.16,41,30,3.5,0,No,,70,ACVA,69,1.14,S,1,0,0,0,0,,,,,,,,,,,,
474,DOI:10.1021/jacs.9b06788 ,Brotherton 2019,Yes,GMA,0.09,29,2-methoxyethyl methacrylate,1.16,46,30,3.5,0,No,,70,ACVA,69,1.21,W,0,1,0,0,0,,,,,,,,,,,,
475,DOI:10.1021/jacs.9b06788 ,Brotherton 2019,Yes,GMA,0.09,29,2-methoxyethyl methacrylate,1.16,49,30,3.5,0,No,,70,ACVA,69,1.2,W,0,1,0,0,0,,,,,,,,,,,,
476,DOI:10.1021/jacs.9b06788 ,Brotherton 2019,"No, phases ill defined",GMA,0.09,29,2-methoxyethyl methacrylate,1.16,52,30,3.5,0,No,,70,ACVA,69,1.28,Mixed,0,0,0,0,1,,,,,,,,,,,,
477,DOI:10.1021/jacs.9b06788 ,Brotherton 2019,"No, phases ill defined",GMA,0.09,29,2-methoxyethyl methacrylate,1.16,55,30,3.5,0,No,,70,ACVA,69,1.22,Mixed,0,0,0,0,1,,,,,,,,,,,,
478,DOI:10.1021/jacs.9b06788 ,Brotherton 2019,"No, phases ill defined",GMA,0.09,29,2-methoxyethyl methacrylate,1.16,60,30,3.5,0,No,,70,ACVA,69,1.33,Mixed,0,0,0,0,1,,,,,,,,,,,,
479,DOI:10.1021/jacs.9b06788 ,Brotherton 2019,"No, phases ill defined",GMA,0.09,29,2-methoxyethyl methacrylate,1.16,63,30,3.5,0,No,,70,ACVA,69,1.38,Mixed,0,0,0,0,1,,,,,,,,,,,,
480,DOI:10.1021/jacs.9b06788 ,Brotherton 2019,"No, phases ill defined",GMA,0.09,29,2-methoxyethyl methacrylate,1.16,65,30,3.5,0,No,,70,ACVA,69,1.39,Mixed,0,0,0,0,1,,,,,,,,,,,,
481,DOI:10.1021/jacs.9b06788 ,Brotherton 2019,"No, phases ill defined",GMA,0.09,29,2-methoxyethyl methacrylate,1.16,75,30,3.5,0,No,,70,ACVA,69,1.41,Mixed,0,0,0,0,1,,,,,,,,,,,,
482,DOI:10.1021/jacs.9b06788 ,Brotherton 2019,Yes,GMA,0.09,29,2-methoxyethyl methacrylate,1.16,85,30,3.5,0,No,,70,ACVA,69,1.29,S+W+V,1,1,1,0,1,,,,,,,,,,,,
483,DOI:10.1021/jacs.9b06788 ,Brotherton 2019,"No, phases ill defined",GMA,0.09,29,2-methoxyethyl methacrylate,1.16,90,30,3.5,0,No,,70,ACVA,69,1.49,Mixed,0,0,0,0,1,,,,,,,,,,,,
484,DOI:10.1021/jacs.9b06788 ,Brotherton 2019,"No, phases ill defined",GMA,0.09,29,2-methoxyethyl methacrylate,1.16,100,30,3.5,0,No,,70,ACVA,69,1.11,Mixed,0,0,0,0,1,,,,,,,,,,,,
485,DOI:10.1021/jacs.9b06788 ,Brotherton 2019,Yes,GMA,0.09,29,2-methoxyethyl methacrylate,1.16,110,30,3.5,0,No,,70,ACVA,69,1.23,V,0,0,1,0,0,,,,,,,,,,,,
486, dx.doi.org/10.1021/la203991y ,Semsarilar 2012,Yes,Potassium 3-sulfopropyl methacrylate,-2.33,34,HPMA,1.1,100,10,5,0,Yes,Carb. Acid,70,ACVA,69,Not reported,S,1,0,0,0,0,,,,,,,,,,,,
487, dx.doi.org/10.1021/la203991y ,Semsarilar 2012,Yes,Potassium 3-sulfopropyl methacrylate,-2.33,34,HPMA,1.1,200,10,5,0,Yes,Carb. Acid,70,ACVA,69,Not reported,S,1,0,0,0,0,,,,,,,,,,,,
488, dx.doi.org/10.1021/la203991y ,Semsarilar 2012,Yes,Potassium 3-sulfopropyl methacrylate,-2.33,34,HPMA,1.1,300,10,5,0,Yes,Carb. Acid,70,ACVA,69,Not reported,S,1,0,0,0,0,,,,,,,,,,,,
489, dx.doi.org/10.1021/la203991y ,Semsarilar 2012,Yes,Potassium 3-sulfopropyl methacrylate,-2.33,34,HPMA,1.1,100,15,5,0,Yes,Carb. Acid,70,ACVA,69,Not reported,S,1,0,0,0,0,,,,,,,,,,,,
490, dx.doi.org/10.1021/la203991y ,Semsarilar 2012,"No, replicate",Potassium 3-sulfopropyl methacrylate,-2.33,34,HPMA,1.1,100,15,5,0,Yes,Carb. Acid,70,ACVA,69,Not reported,S,1,0,0,0,0,,,,,,,,,,,,
491, dx.doi.org/10.1021/la203991y ,Semsarilar 2012,"No, replicate",Potassium 3-sulfopropyl methacrylate,-2.33,34,HPMA,1.1,100,15,5,0,Yes,Carb. Acid,70,ACVA,69,Not reported,S,1,0,0,0,0,,,,,,,,,,,,
492, dx.doi.org/10.1021/la203991y ,Semsarilar 2012,Yes,Potassium 3-sulfopropyl methacrylate,-2.33,34,HPMA,1.1,100,20,5,0,Yes,Carb. Acid,70,ACVA,69,Not reported,S,1,0,0,0,0,,,,,,,,,,,,
493, dx.doi.org/10.1021/la203991y ,Semsarilar 2012,"No, replicate",Potassium 3-sulfopropyl methacrylate,-2.33,34,HPMA,1.1,100,20,5,0,Yes,Carb. Acid,70,ACVA,69,Not reported,S,1,0,0,0,0,,,,,,,,,,,,
494,dx.doi.org/10.1021/la204539c,Chambon 2012,Yes,GMA,0.09,55,HPMA,1.1,330,10,7,0,No,,70,ACVA,69,,V,0,0,1,0,0,,,,,,,,,,,,
495, dx.doi.org/10.1021/la304279y,Semsarilar 2013,Yes,QDMAEMA,-2.58,32,HPMA,1.1,500,10,7,0,Yes,Carb. Acid,70,ACVA,69,Not reported,S,1,0,0,0,0,,,,,,,,,,,,
496, dx.doi.org/10.1021/la304279y,Semsarilar 2013,Yes,QDMAEMA,-2.58,32,HPMA,1.1,100,10,7,0,Yes,Carb. Acid,70,ACVA,69,Not reported,S,1,0,0,0,0,,,,,,,,,,,,
497, dx.doi.org/10.1021/la304279y,Semsarilar 2013,Yes,QDMAEMA,-2.58,32,HPMA,1.1,200,10,7,0,Yes,Carb. Acid,70,ACVA,69,Not reported,S,1,0,0,0,0,,,,,,,,,,,,
498, dx.doi.org/10.1021/la304279y,Semsarilar 2013,Yes,QDMAEMA,-2.58,32,HPMA,1.1,300,10,7,0,Yes,Carb. Acid,70,ACVA,69,Not reported,S,1,0,0,0,0,,,,,,,,,,,,
499, dx.doi.org/10.1021/la304279y,Semsarilar 2013,Yes,QDMAEMA,-2.58,32,HPMA,1.1,500,10,7,0.1,Yes,Carb. Acid,70,ACVA,69,Not reported,S,1,0,0,0,0,,,,,,,,,,,,
500, dx.doi.org/10.1021/la304279y,Semsarilar 2013,"No, replicate",QDMAEMA,-2.58,32,HPMA,1.1,500,10,7,,Yes,Carb. Acid,70,ACVA,69,Not reported,S,1,0,0,0,0,,,,,,,,,,,,
501, dx.doi.org/10.1021/la304279y,Semsarilar 2013,Yes,QDMAEMA,-2.58,32,HPMA,1.1,100,10,7,0.1,Yes,Carb. Acid,70,ACVA,69,Not reported,S,1,0,0,0,0,,,,,,,,,,,,
502, dx.doi.org/10.1021/la304279y,Semsarilar 2013,Yes,QDMAEMA,-2.58,32,HPMA,1.1,200,10,7,0.1,Yes,Carb. Acid,70,ACVA,69,Not reported,S,1,0,0,0,0,,,,,,,,,,,,
503, dx.doi.org/10.1021/la304279y,Semsarilar 2013,Yes,QDMAEMA,-2.58,32,HPMA,1.1,300,10,7,0.1,Yes,Carb. Acid,70,ACVA,69,Not reported,S,1,0,0,0,0,,,,,,,,,,,,
504, dx.doi.org/10.1021/la304279y,Semsarilar 2013,"No, replicate",QDMAEMA,-2.58,32,HPMA,1.1,500,10,7,0.1,Yes,Carb. Acid,70,ACVA,69,Not reported,S,1,0,0,0,0,,,,,,,,,,,,
505, dx.doi.org/10.1021/la304279y,Semsarilar 2013,Yes,QDMAEMA,-2.58,32,HPMA,1.1,100,10,7,0.3,Yes,Carb. Acid,70,ACVA,69,Not reported,S,1,0,0,0,0,,,,,,,,,,,,
506, dx.doi.org/10.1021/la304279y,Semsarilar 2013,Yes,QDMAEMA,-2.58,32,HPMA,1.1,200,10,7,0.3,Yes,Carb. Acid,70,ACVA,69,Not reported,Fused Sphere,0,0,0,1,0,,,,,,,,,,,,
507, dx.doi.org/10.1021/la304279y,Semsarilar 2013,Yes,QDMAEMA,-2.58,32,HPMA,1.1,300,10,7,0.3,Yes,Carb. Acid,70,ACVA,69,Not reported,S,1,0,0,0,0,,,,,,,,,,,,
508, dx.doi.org/10.1021/la304279y,Semsarilar 2013,Yes,QDMAEMA,-2.58,32,HPMA,1.1,500,10,7,0.3,Yes,Carb. Acid,70,ACVA,69,Not reported,S,1,0,0,0,0,,,,,,,,,,,,
509,DOI: 10.1002/anie.201001461 ,Li 2010,Yes,GMA,0.09,65,HPMA,1.1,20,10,7,0,Yes,Carb. Acid,70,ACVA,69,Not reported,S,1,0,0,0,0,,,,,,,,,,,,
510,DOI: 10.1002/anie.201001461 ,Li 2010,Yes,GMA,0.09,65,HPMA,1.1,50,10,7,0,Yes,Carb. Acid,70,ACVA,69,Not reported,S,1,0,0,0,0,,,,,,,,,,,,
511,DOI: 10.1002/anie.201001461,Li 2010,Yes,GMA,0.09,65,HPMA,1.1,70,10,7,0,Yes,Carb. Acid,70,ACVA,69,Not reported,S,1,0,0,0,0,,,,,,,,,,,,
512,DOI: 10.1002/anie.201001461,Li 2010,Yes,GMA,0.09,65,HPMA,1.1,100,10,7,0,Yes,Carb. Acid,70,ACVA,69,Not reported,S,1,0,0,0,0,,,,,,,,,,,,
513,DOI: 10.1002/anie.201001461,Li 2010,Yes,GMA,0.09,65,HPMA,1.1,200,10,7,0,Yes,Carb. Acid,70,ACVA,69,Not reported,S,1,0,0,0,0,,,,,,,,,,,,
514,DOI: 10.1002/anie.201001461,Li 2010,Yes,GMA,0.09,65,HPMA,1.1,300,10,7,0,Yes,Carb. Acid,70,ACVA,69,Not reported,S,1,0,0,0,0,,,,,,,,,,,,
515,DOI: 10.1002/anie.201001461,Li 2010,Yes,GMA,0.09,65,HPMA,1.1,100,20,7,0,Yes,Carb. Acid,70,ACVA,69,Not reported,S,1,0,0,0,0,,,,,,,,,,,,
516,DOI: 10.1002/anie.201001461,Li 2010,Yes,GMA,0.09,55,HPMA,1.1,100,10,7,0,Yes,Carb. Acid,70,ACVA,69,Not reported,S,1,0,0,0,0,,,,,,,,,,,,
517,DOI: 10.1002/anie.201001461,Li 2010,Yes,GMA,0.09,55,HPMA,1.1,200,10,7,0,Yes,Carb. Acid,70,ACVA,69,Not reported,S,1,0,0,0,0,,,,,,,,,,,,
518,DOI: 10.1002/anie.201001461,Li 2010,Yes,GMA,0.09,55,HPMA,1.1,200,15,7,0,Yes,Carb. Acid,70,ACVA,69,Not reported,S,1,0,0,0,0,,,,,,,,,,,,
519,DOI: 10.1002/anie.201001461,Li 2010,Yes,GMA,0.09,55,HPMA,1.1,300,20,7,0,Yes,Carb. Acid,70,ACVA,69,Not reported,V,0,0,1,0,0,,,,,,,,,,,,
520,DOI: 10.1002/anie.201001461,Li 2010,Yes,KSPMA,-2.33,65,HPMA,1.1,100,10,7,0,Yes,Carb. Acid,70,ACVA,69,Not reported,S,1,0,0,0,0,,,,,,,,,,,,
521,DOI: 10.1002/anie.201001461,Li 2010,Yes,QDMAEMA,-2.58,67,HPMA,1.1,100,10,7,0,Yes,Carb. Acid,70,ACVA,69,Not reported,S,1,0,0,0,0,,,,,,,,,,,,
522,DOI: 10.1002/anie.201409799 ,Lovett 2015,Yes,GMA,0.09,56,HPMA,1.1,155,10,3.5,0,No,Carb. Acid,70,ACVA,69,1.08,W,0,1,0,0,0,,,,,,,,,,,,
523,DOI: 10.1002/anie.201409799 ,Lovett 2015,Yes,GMA,0.09,59,HPMA,1.1,160,10,3.5,0,No,,70,ACVA,69,1.08,W,0,1,0,0,0,,,,,,,,,,,,
524,DOI: 10.1002/anie.201409799 ,Lovett 2015,"No, replicate, published in Lovett 2016_B",GMA,0.09,43,HPMA,1.1,200,10,3.5,0,No,Carb. Acid,70,ACVA,69,Not reported,V,0,0,1,0,0,,,,,,,,,,,,
525,dx.doi.org/10.1021/ma301059r,Blanazs 2012,Yes,GMA,0.09,47,HPMA,1.1,95,10,7,0,No,,70,ACVA,69,,S,1,0,0,0,0,,,,,,,,,,,,
526,dx.doi.org/10.1021/ma301059r,Blanazs 2012,Yes,GMA,0.09,47,HPMA,1.1,95,25,7,0,No,,70,ACVA,69,,S,1,0,0,0,0,,,,,,,,,,,,
527,dx.doi.org/10.1021/ma301059r,Blanazs 2012,Yes,GMA,0.09,47,HPMA,1.1,115,10,7,0,No,,70,ACVA,69,,W,0,1,0,0,0,,,,,,,,,,,,
528,dx.doi.org/10.1021/ma301059r,Blanazs 2012,Yes,GMA,0.09,47,HPMA,1.1,115,25,7,0,No,,70,ACVA,69,,W,0,1,0,0,0,,,,,,,,,,,,
529,dx.doi.org/10.1021/ma301059r,Blanazs 2012,Yes,GMA,0.09,47,HPMA,1.1,130,10,7,0,No,,70,ACVA,69,,W,0,1,0,0,0,,,,,,,,,,,,
530,dx.doi.org/10.1021/ma301059r,Blanazs 2012,Yes,GMA,0.09,47,HPMA,1.1,130,25,7,0,No,,70,ACVA,69,,W,0,1,0,0,0,,,,,,,,,,,,
531,dx.doi.org/10.1021/ma301059r,Blanazs 2012,Yes,GMA,0.09,47,HPMA,1.1,140,10,7,0,No,,70,ACVA,69,,BW,0,1,0,0,0,,,,,,,,,,,,
532,dx.doi.org/10.1021/ma301059r,Blanazs 2012,Yes,GMA,0.09,47,HPMA,1.1,140,25,7,0,No,,70,ACVA,69,,BW,0,1,0,0,0,,,,,,,,,,,,
533,dx.doi.org/10.1021/ma301059r,Blanazs 2012,Yes,GMA,0.09,47,HPMA,1.1,150,10,7,0,No,,70,ACVA,69,1.11,BW,0,1,0,0,0,,,,,,,,,,,,
534,dx.doi.org/10.1021/ma301059r,Blanazs 2012,Yes,GMA,0.09,47,HPMA,1.1,150,25,7,0,No,,70,ACVA,69,1.12,BW,0,1,0,0,0,,,,,,,,,,,,
535,dx.doi.org/10.1021/ma301059r,Blanazs 2012,Yes,GMA,0.09,47,HPMA,1.1,160,10,7,0,No,,70,ACVA,69,,V,0,0,1,0,0,,,,,,,,,,,,
536,dx.doi.org/10.1021/ma301059r,Blanazs 2012,Yes,GMA,0.09,47,HPMA,1.1,160,25,7,0,No,,70,ACVA,69,,V,0,0,1,0,0,,,,,,,,,,,,
537,dx.doi.org/10.1021/ma301059r,Blanazs 2012,Yes,GMA,0.09,47,HPMA,1.1,200,10,7,0,No,,70,ACVA,69,1.1,V,0,0,1,0,0,,,,,,,,,,,,
538,dx.doi.org/10.1021/ma301059r,Blanazs 2012,Yes,GMA,0.09,47,HPMA,1.1,200,25,7,0,No,,70,ACVA,69,1.12,V,0,0,1,0,0,,,,,,,,,,,,
539,dx.doi.org/10.1021/ma301059r,Blanazs 2012,Yes,GMA,0.09,78,HPMA,1.1,150,10,7,0,No,,70,ACVA,69,,S,1,0,0,0,0,,,,,,,,,,,,
540,dx.doi.org/10.1021/ma301059r,Blanazs 2012,Yes,GMA,0.09,78,HPMA,1.1,175,10,7,0,No,,70,ACVA,69,,S,1,0,0,0,0,,,,,,,,,,,,
541,dx.doi.org/10.1021/ma301059r,Blanazs 2012,Yes,GMA,0.09,78,HPMA,1.1,200,10,7,0,No,,70,ACVA,69,1.1,S,1,0,0,0,0,,,,,,,,,,,,
542,dx.doi.org/10.1021/ma301059r,Blanazs 2012,Yes,GMA,0.09,78,HPMA,1.1,225,10,7,0,No,,70,ACVA,69,,S,1,0,0,0,0,,,,,,,,,,,,
543,dx.doi.org/10.1021/ma301059r,Blanazs 2012,Yes,GMA,0.09,78,HPMA,1.1,250,10,7,0,No,,70,ACVA,69,,S,1,0,0,0,0,,,,,,,,,,,,
544,dx.doi.org/10.1021/ma301059r,Blanazs 2012,Yes,GMA,0.09,78,HPMA,1.1,350,10,7,0,No,,70,ACVA,69,,S,1,0,0,0,0,,,,,,,,,,,,
545,dx.doi.org/10.1021/ma301059r,Blanazs 2012,Yes,GMA,0.09,78,HPMA,1.1,400,10,7,0,No,,70,ACVA,69,1.19,S,1,0,0,0,0,,,,,,,,,,,,
546,dx.doi.org/10.1021/ma301059r,Blanazs 2012,Yes,GMA,0.09,78,HPMA,1.1,500,10,7,0,No,,70,ACVA,69,,S,1,0,0,0,0,,,,,,,,,,,,
547,dx.doi.org/10.1021/ma301059r,Blanazs 2012,Yes,GMA,0.09,78,HPMA,1.1,225,13,7,0,No,,70,ACVA,69,,S+W,1,1,0,0,1,,,,,,,,,,,,
548,dx.doi.org/10.1021/ma301059r,Blanazs 2012,Yes,GMA,0.09,78,HPMA,1.1,250,13,7,0,No,,70,ACVA,69,,S+W,1,1,0,0,1,,,,,,,,,,,,
549,dx.doi.org/10.1021/ma301059r,Blanazs 2012,Yes,GMA,0.09,78,HPMA,1.1,275,13,7,0,No,,70,ACVA,69,,S+W,1,1,0,0,1,,,,,,,,,,,,
550,dx.doi.org/10.1021/ma301059r,Blanazs 2012,Yes,GMA,0.09,78,HPMA,1.1,300,13,7,0,No,,70,ACVA,69,,S+W+V,1,1,1,0,1,,,,,,,,,,,,
551,dx.doi.org/10.1021/ma301059r,Blanazs 2012,Yes,GMA,0.09,78,HPMA,1.1,350,13,7,0,No,,70,ACVA,69,,S+V,1,0,1,0,1,,,,,,,,,,,,
552,dx.doi.org/10.1021/ma301059r,Blanazs 2012,Yes,GMA,0.09,78,HPMA,1.1,400,13,7,0,No,,70,ACVA,69,1.18,S+V,1,0,1,0,1,,,,,,,,,,,,
553,dx.doi.org/10.1021/ma301059r,Blanazs 2012,Yes,GMA,0.09,78,HPMA,1.1,200,15,7,0,No,,70,ACVA,69,1.13,S+W,1,1,0,0,1,,,,,,,,,,,,
554,dx.doi.org/10.1021/ma301059r,Blanazs 2012,Yes,GMA,0.09,78,HPMA,1.1,225,15,7,0,No,,70,ACVA,69,,S+W,1,1,0,0,1,,,,,,,,,,,,
555,dx.doi.org/10.1021/ma301059r,Blanazs 2012,Yes,GMA,0.09,78,HPMA,1.1,250,15,7,0,No,,70,ACVA,69,,S+W,1,1,0,0,1,,,,,,,,,,,,
556,dx.doi.org/10.1021/ma301059r,Blanazs 2012,Yes,GMA,0.09,78,HPMA,1.1,275,15,7,0,No,,70,ACVA,69,,S+W+V,1,1,1,0,1,,,,,,,,,,,,
557,dx.doi.org/10.1021/ma301059r,Blanazs 2012,Yes,GMA,0.09,78,HPMA,1.1,300,15,7,0,No,,70,ACVA,69,,S+W+V,1,1,1,0,1,,,,,,,,,,,,
558,dx.doi.org/10.1021/ma301059r,Blanazs 2012,Yes,GMA,0.09,78,HPMA,1.1,350,15,7,0,No,,70,ACVA,69,,S+V,1,0,1,0,1,,,,,,,,,,,,
559,dx.doi.org/10.1021/ma301059r,Blanazs 2012,Yes,GMA,0.09,78,HPMA,1.1,400,15,7,0,No,,70,ACVA,69,,S+V,1,0,1,0,1,,,,,,,,,,,,
560,dx.doi.org/10.1021/ma301059r,Blanazs 2012,Yes,GMA,0.09,78,HPMA,1.1,150,17,7,0,No,,70,ACVA,69,,S,1,0,0,0,0,,,,,,,,,,,,
561,dx.doi.org/10.1021/ma301059r,Blanazs 2012,Yes,GMA,0.09,78,HPMA,1.1,200,17,7,0,No,,70,ACVA,69,1.13,S+W,1,1,0,0,1,,,,,,,,,,,,
562,dx.doi.org/10.1021/ma301059r,Blanazs 2012,Yes,GMA,0.09,78,HPMA,1.1,225,17,7,0,No,,70,ACVA,69,,W,0,1,0,0,0,,,,,,,,,,,,
563,dx.doi.org/10.1021/ma301059r,Blanazs 2012,Yes,GMA,0.09,78,HPMA,1.1,250,17,7,0,No,,70,ACVA,69,,W,0,1,0,0,0,,,,,,,,,,,,
564,dx.doi.org/10.1021/ma301059r,Blanazs 2012,Yes,GMA,0.09,78,HPMA,1.1,275,17,7,0,No,,70,ACVA,69,,W+V,0,1,1,0,1,,,,,,,,,,,,
565,dx.doi.org/10.1021/ma301059r,Blanazs 2012,Yes,GMA,0.09,78,HPMA,1.1,300,17,7,0,No,,70,ACVA,69,,W+V,0,1,1,0,1,,,,,,,,,,,,
566,dx.doi.org/10.1021/ma301059r,Blanazs 2012,Yes,GMA,0.09,78,HPMA,1.1,350,17,7,0,No,,70,ACVA,69,,V,0,0,1,0,0,,,,,,,,,,,,
567,dx.doi.org/10.1021/ma301059r,Blanazs 2012,Yes,GMA,0.09,78,HPMA,1.1,400,17,7,0,No,,70,ACVA,69,1.2,V,0,0,1,0,0,,,,,,,,,,,,
568,dx.doi.org/10.1021/ma301059r,Blanazs 2012,Yes,GMA,0.09,78,HPMA,1.1,500,17,7,0,No,,70,ACVA,69,,V,0,0,1,0,0,,,,,,,,,,,,
569,dx.doi.org/10.1021/ma301059r,Blanazs 2012,Yes,GMA,0.09,78,HPMA,1.1,200,20,7,0,No,,70,ACVA,69,1.12,S+W,1,1,0,0,1,,,,,,,,,,,,
570,dx.doi.org/10.1021/ma301059r,Blanazs 2012,Yes,GMA,0.09,78,HPMA,1.1,225,20,7,0,No,,70,ACVA,69,,W,0,1,0,0,0,,,,,,,,,,,,
571,dx.doi.org/10.1021/ma301059r,Blanazs 2012,Yes,GMA,0.09,78,HPMA,1.1,250,20,7,0,No,,70,ACVA,69,,W,0,1,0,0,0,,,,,,,,,,,,
572,dx.doi.org/10.1021/ma301059r,Blanazs 2012,Yes,GMA,0.09,78,HPMA,1.1,275,20,7,0,No,,70,ACVA,69,,W+V,0,1,1,0,1,,,,,,,,,,,,
573,dx.doi.org/10.1021/ma301059r,Blanazs 2012,Yes,GMA,0.09,78,HPMA,1.1,150,25,7,0,No,,70,ACVA,69,,S,1,0,0,0,0,,,,,,,,,,,,
574,dx.doi.org/10.1021/ma301059r,Blanazs 2012,Yes,GMA,0.09,78,HPMA,1.1,175,25,7,0,No,,70,ACVA,69,,S+W,1,1,0,0,1,,,,,,,,,,,,
575,dx.doi.org/10.1021/ma301059r,Blanazs 2012,Yes,GMA,0.09,78,HPMA,1.1,200,25,7,0,No,,70,ACVA,69,1.13,S+W,1,1,0,0,1,,,,,,,,,,,,
576,dx.doi.org/10.1021/ma301059r,Blanazs 2012,Yes,GMA,0.09,78,HPMA,1.1,225,25,7,0,No,,70,ACVA,69,,W,0,1,0,0,0,,,,,,,,,,,,
577,dx.doi.org/10.1021/ma301059r,Blanazs 2012,Yes,GMA,0.09,78,HPMA,1.1,250,25,7,0,No,,70,ACVA,69,,W,0,1,0,0,0,,,,,,,,,,,,
578,dx.doi.org/10.1021/ma301059r,Blanazs 2012,Yes,GMA,0.09,78,HPMA,1.1,275,25,7,0,No,,70,ACVA,69,,W+V,0,1,1,0,1,,,,,,,,,,,,
579,dx.doi.org/10.1021/ma301059r,Blanazs 2012,Yes,GMA,0.09,78,HPMA,1.1,300,25,7,0,No,,70,ACVA,69,,W+V,0,1,1,0,1,,,,,,,,,,,,
580,dx.doi.org/10.1021/ma301059r,Blanazs 2012,Yes,GMA,0.09,78,HPMA,1.1,350,25,7,0,No,,70,ACVA,69,,V,0,0,1,0,0,,,,,,,,,,,,
581,dx.doi.org/10.1021/ma301059r,Blanazs 2012,Yes,GMA,0.09,78,HPMA,1.1,400,25,7,0,No,,70,ACVA,69,1.19,V,0,0,1,0,0,,,,,,,,,,,,
582,dx.doi.org/10.1021/ma301059r,Blanazs 2012,Yes,GMA,0.09,78,HPMA,1.1,500,25,7,0,No,,70,ACVA,69,,V,0,0,1,0,0,,,,,,,,,,,,
583,dx.doi.org/10.1021/ma301059r,Blanazs 2012,Yes,GMA,0.09,112,HPMA,1.1,250,10,7,0,No,,70,ACVA,69,,S,1,0,0,0,0,,,,,,,,,,,,
584,dx.doi.org/10.1021/ma301059r,Blanazs 2012,Yes,GMA,0.09,112,HPMA,1.1,300,10,7,0,No,,70,ACVA,69,,S,1,0,0,0,0,,,,,,,,,,,,
585,dx.doi.org/10.1021/ma301059r,Blanazs 2012,Yes,GMA,0.09,112,HPMA,1.1,475,10,7,0,No,,70,ACVA,69,,S,1,0,0,0,0,,,,,,,,,,,,
586,dx.doi.org/10.1021/ma301059r,Blanazs 2012,Yes,GMA,0.09,112,HPMA,1.1,600,10,7,0,No,,70,ACVA,69,,S,1,0,0,0,0,,,,,,,,,,,,
587,dx.doi.org/10.1021/ma301059r,Blanazs 2012,Yes,GMA,0.09,112,HPMA,1.1,800,10,7,0,No,,70,ACVA,69,1.55,S,1,0,0,0,0,,,,,,,,,,,,
588,dx.doi.org/10.1021/ma301059r,Blanazs 2012,Yes,GMA,0.09,112,HPMA,1.1,800,13,7,0,No,,70,ACVA,69,,S,1,0,0,0,0,,,,,,,,,,,,
589,dx.doi.org/10.1021/ma301059r,Blanazs 2012,Yes,GMA,0.09,112,HPMA,1.1,300,17,7,0,No,,70,ACVA,69,,S,1,0,0,0,0,,,,,,,,,,,,
590,dx.doi.org/10.1021/ma301059r,Blanazs 2012,Yes,GMA,0.09,112,HPMA,1.1,800,17,7,0,No,,70,ACVA,69,,S,1,0,0,0,0,,,,,,,,,,,,
591,dx.doi.org/10.1021/ma301059r,Blanazs 2012,Yes,GMA,0.09,112,HPMA,1.1,800,20,7,0,No,,70,ACVA,69,,S+V,1,0,1,0,1,,,,,,,,,,,,
592,dx.doi.org/10.1021/ma301059r,Blanazs 2012,Yes,GMA,0.09,112,HPMA,1.1,300,25,7,0,No,,70,ACVA,69,,S,1,0,0,0,0,,,,,,,,,,,,
593,dx.doi.org/10.1021/ma301059r,Blanazs 2012,Yes,GMA,0.09,112,HPMA,1.1,400,25,7,0,No,,70,ACVA,69,,S,1,0,0,0,0,,,,,,,,,,,,
594,dx.doi.org/10.1021/ma301059r,Blanazs 2012,Yes,GMA,0.09,112,HPMA,1.1,500,25,7,0,No,,70,ACVA,69,,S+W,1,1,0,0,1,,,,,,,,,,,,
595,dx.doi.org/10.1021/ma301059r,Blanazs 2012,Yes,GMA,0.09,112,HPMA,1.1,600,25,7,0,No,,70,ACVA,69,,S+V,1,0,1,0,1,,,,,,,,,,,,
596,dx.doi.org/10.1021/ma301059r,Blanazs 2012,Yes,GMA,0.09,112,HPMA,1.1,800,25,7,0,No,,70,ACVA,69,1.51,S+V,1,0,1,0,1,,,,,,,,,,,,
597, dx.doi.org/10.1021/ma501140h,Cunningham 2014,Yes,GMA,0.09,51,BzMA,2.96,50,10,7,0,No,,70,ACVA,69,1.19,S,1,0,0,0,0,,,,,,,,,,,,
598, dx.doi.org/10.1021/ma501140h,Cunningham 2014,Yes,GMA,0.09,51,BzMA,2.96,75,10,7,0,No,,70,ACVA,69,1.23,S,1,0,0,0,0,,,,,,,,,,,,
599, dx.doi.org/10.1021/ma501140h,Cunningham 2014,Yes,GMA,0.09,51,BzMA,2.96,100,10,7,0,No,,70,ACVA,69,1.22,S,1,0,0,0,0,,,,,,,,,,,,
600, dx.doi.org/10.1021/ma501140h,Cunningham 2014,Yes,GMA,0.09,51,BzMA,2.96,125,10,7,0,No,,70,ACVA,69,1.21,S,1,0,0,0,0,,,,,,,,,,,,
601, dx.doi.org/10.1021/ma501140h,Cunningham 2014,Yes,GMA,0.09,51,BzMA,2.96,150,10,7,0,No,,70,ACVA,69,1.26,S,1,0,0,0,0,,,,,,,,,,,,
602, dx.doi.org/10.1021/ma501140h,Cunningham 2014,Yes,GMA,0.09,51,BzMA,2.96,175,10,7,0,No,,70,ACVA,69,1.23,S,1,0,0,0,0,,,,,,,,,,,,
603, dx.doi.org/10.1021/ma501140h,Cunningham 2014,Yes,GMA,0.09,51,BzMA,2.96,200,10,7,0,No,,70,ACVA,69,1.26,S,1,0,0,0,0,,,,,,,,,,,,
604, dx.doi.org/10.1021/ma501140h,Cunningham 2014,Yes,GMA,0.09,51,BzMA,2.96,250,10,7,0,No,,70,ACVA,69,1.19,S,1,0,0,0,0,,,,,,,,,,,,
605, dx.doi.org/10.1021/ma501140h,Cunningham 2014,Yes,GMA,0.09,51,BzMA,2.96,300,10,7,0,No,,70,ACVA,69,1.18,S,1,0,0,0,0,,,,,,,,,,,,
606, dx.doi.org/10.1021/ma501140h,Cunningham 2014,Yes,GMA,0.09,51,BzMA,2.96,400,10,7,0,No,,70,ACVA,69,1.21,S,1,0,0,0,0,,,,,,,,,,,,
607, dx.doi.org/10.1021/ma501140h,Cunningham 2014,Yes,GMA,0.09,51,BzMA,2.96,500,10,7,0,No,,70,ACVA,69,1.24,S,1,0,0,0,0,,,,,,,,,,,,
608, dx.doi.org/10.1021/ma501140h,Cunningham 2014,Yes,GMA,0.09,51,BzMA,2.96,1000,10,7,0,No,,70,ACVA,69,1.26,S,1,0,0,0,0,,,,,,,,,,,,
609, dx.doi.org/10.1021/ma501140h,Cunningham 2014,Yes,GMA,0.09,51,BzMA,2.96,250,20,7,0,No,,70,ACVA,69,1.16,S,1,0,0,0,0,,,,,,,,,,,,
610, dx.doi.org/10.1021/ma501140h,Cunningham 2014,Yes,GMA,0.09,51,BzMA,2.96,250,30,7,0,No,,70,ACVA,69,1.13,S,1,0,0,0,0,,,,,,,,,,,,
611, dx.doi.org/10.1021/ma501140h,Cunningham 2014,Yes,GMA,0.09,51,BzMA,2.96,250,40,7,0,No,,70,ACVA,69,1.13,S,1,0,0,0,0,,,,,,,,,,,,
612, dx.doi.org/10.1021/ma501140h,Cunningham 2014,Yes,GMA,0.09,51,BzMA,2.96,250,50,7,0,No,,70,ACVA,69,1.16,S,1,0,0,0,0,,,,,,,,,,,,
613,DOI:10.1002/anie.201511454,Mitchell 2016,Yes,GMA,0.09,56,HPMA,1.1,155,10,7,0,No,,70,ACVA,69,,W,0,1,0,0,0,,,,,,,,,,,,
614, DOI: 10.1002/anie.201909124,Ratcliffe 2019,Yes,HPMAm,0.34,41,HPMA,1.1,180,10,7,0,No,,70,ACVA,69,1.15,W,0,1,0,0,0,,,,,,,,,,,,
615, DOI: 10.1002/anie.201909124,Ratcliffe 2019,Yes,HPMAm,0.34,41,HPMA,1.1,140,10,7,0,No,,70,ACVA,69,1.13,S+W,1,1,0,0,1,,,,,,,,,,,,
616, DOI: 10.1002/anie.201909124,Ratcliffe 2019,Yes,HPMAm,0.34,41,HPMA,1.1,160,10,7,0,No,,70,ACVA,69,1.15,W,0,1,0,0,0,,,,,,,,,,,,
617, DOI: 10.1002/anie.201909124,Ratcliffe 2019,Yes,HPMAm,0.34,41,HPMA,1.1,200,10,7,0,No,,70,ACVA,69,1.18,W,0,1,0,0,0,,,,,,,,,,,,
618, DOI: 10.1002/anie.201909124,Ratcliffe 2019,Yes,HPMAm,0.34,41,HPMA,1.1,220,10,7,0,No,,70,ACVA,69,1.2,V,0,0,1,0,0,,,,,,,,,,,,
619,DOI: 10.1039/c2sm26156a,Verber 2012,Yes,GMA,0.09,54,HPMA,1.1,90,10,7,0,No,,70,ACVA,69,1.1,S,1,0,0,0,0,,,,,,,,,,,,
620,DOI: 10.1039/c2sm26156a,Verber 2012,Yes,GMA,0.09,54,HPMA,1.1,130,10,7,0,No,,70,ACVA,69,1.1,W,0,1,0,0,0,,,,,,,,,,,,
621,DOI: 10.1039/c2sm26156a,Verber 2012,Yes,GMA,0.09,54,HPMA,1.1,135,10,7,0,No,,70,ACVA,69,1.08,W,0,1,0,0,0,,,,,,,,,,,,
622,DOI: 10.1039/c2sm26156a,Verber 2012,Yes,GMA,0.09,54,HPMA,1.1,140,10,7,0,No,,70,ACVA,69,1.1,W,0,1,0,0,0,,,,,,,,,,,,
623,DOI: 10.1039/c2sm26156a,Verber 2012,Yes,GMA,0.09,54,HPMA,1.1,145,10,7,0,No,,70,ACVA,69,1.08,W,0,1,0,0,0,,,,,,,,,,,,
624,DOI: 10.1039/c2sm26156a,Verber 2012,Yes,GMA,0.09,54,HPMA,1.1,150,10,7,0,No,,70,ACVA,69,1.1,W,0,1,0,0,0,,,,,,,,,,,,
625,DOI: 10.1039/c2sm26156a,Verber 2012,Yes,GMA,0.09,54,HPMA,1.1,155,10,7,0,No,,70,ACVA,69,1.1,W,0,1,0,0,0,,,,,,,,,,,,
626,DOI: 10.1039/c2sm26156a,Verber 2012,Yes,GMA,0.09,54,HPMA,1.1,160,10,7,0,No,,70,ACVA,69,1.1,W,0,1,0,0,0,,,,,,,,,,,,
627,DOI: 10.1039/c2sm26156a,Verber 2012,Yes,GMA,0.09,54,HPMA,1.1,165,10,7,0,No,,70,ACVA,69,1.09,W,0,1,0,0,0,,,,,,,,,,,,
628,DOI: 10.1039/c2sm26156a,Verber 2012,Yes,GMA,0.09,54,HPMA,1.1,170,10,7,0,No,,70,ACVA,69,1.08,W+V,0,1,1,0,1,,,,,,,,,,,,
629,DOI: 10.1039/c2sm26156a,Verber 2012,Yes,GMA,0.09,54,HPMA,1.1,180,10,7,0,No,,70,ACVA,69,1.09,W+V,0,1,1,0,1,,,,,,,,,,,,
630,DOI: 10.1039/c2sm26156a,Verber 2012,Yes,GMA,0.09,54,HPMA,1.1,220,10,7,0,No,,70,ACVA,69,1.12,V,0,0,1,0,0,,,,,,,,,,,,
631,DOI: 10.1021/acs.macromol.8b01617,Warren 2018,Yes,GMA,0.09,37,HPMA,1.1,80,10,7,0,No,,70,ACVA,69,1.13,W,0,1,0,0,0,,,,,,,,,,,,
632,DOI: 10.1021/acs.macromol.8b01617,Warren 2018,Yes,GMA,0.09,54,HPMA,1.1,140,20,7,0,No,,70,ACVA,69,1.12,W,0,1,0,0,0,,,,,,,,,,,,
633,DOI: 10.1021/acs.macromol.8b01617,Warren 2018,Yes,GMA,0.09,71,HPMA,1.1,200,20,7,0,No,,70,ACVA,69,1.14,W,0,1,0,0,0,,,,,,,,,,,,
634,DOI: 10.1021/acs.biomac.5b00767,Warren 2015_biomac,"No, mixed corona chemistry + binary corona",,,,,,,,,,,,,,,,,,,,,,,,,,,,,,,,,
635,DOI: 10.1021/acs.biomac.5b01266,Simon 2015,"No, mixed corona chemistry + binary corona",,,,,,,,,,,,,,,,,,,,,,,,,,,,,,,,,
636,DOI:10.1021/acs.langmuir.5b00741,Thompson 2015,"No, triblock",,,,,,,,,,,,,,,,,,,,,,,,,,,,,,,,,
637,DOI:10.1021/acs.macromol.6b00820 ,Cunningham 2016,"No, no defined morphologies",,,,,,,,,,,,,,,,,,,,,,,,,,,,,,,,,
638,DOI:10.1021/acs.macromol.6b01563 ,Yang 2016,"No, solvent mixture",,,,,,,,,,,,,,,,,,,,,,,,,,,,,,,,,
639,DOI:10.1021/acsmacrolett.7b00836 ,Yao 2017,"No, triblock",,,,,,,,,,,,,,,,,,,,,,,,,,,,,,,,,
640,DOI: 10.1039/c5py01795e,Jones 2016,"No, no pure water formulation",,,,,,,,,,,,,,,,,,,,,,,,,,,,,,,,,
641,dx.doi.org/10.1021/ja407033x,Ladmiral 2013,"No, binary corona mixture only",,,,,,,,,,,,,,,,,,,,,,,,,,,,,,,,,
642,DOI: 10.1021/la903567q,Thompson 2010,"No, alcoholic",,,,,,,,,,,,,,,,,,,,,,,,,,,,,,,,,
643,dx.doi.org/10.1021/ma301459y,Zehm 2013,"No, alcoholic",,,,,,,,,,,,,,,,,,,,,,,,,,,,,,,,,
644,doi.org/10.1021/ma301909w,Ratcliffe 2013,"No, full conversions not reached",,,,,,,,,,,,,,,,,,,,,,,,,,,,,,,,,
645,doi.org/10.1021/ma2016584,McKee 2011,"No, not conventional PISA using macroCTA",,,,,,,,,,,,,,,,,,,,,,,,,,,,,,,,,
646,DOI: 10.1021/ma9027799,Thompson 2010_B,"No, not conventional PISA using macroCTA",,,,,,,,,,,,,,,,,,,,,,,,,,,,,,,,,
